record_id,ca_volume,doc_id,scan,ia_url,author,recipient,place,date,scan_pin,orig_page,savage_page,summary_fidelity,omissions,note
ca1-d170,1,170,n329–n330,https://archive.org/details/168036075_79_3_2/page/n329,OK,NA,OK,OK,OK,OK,OK,OK,OK,"Read leaves n329 (stamp 328, pencil 41) and n330 (stamp 329, pencil 42) of 168036075_79_3_2. Heading verbatim: '1778 - Marzo 9 - El Pardo. (España). / El Rey y su Ministro Antonio Ventura de Taranco, sobre donativos piadosos.' Body verbatim confirms every element of the abstract: 'Cédula que previene que están autorizados para recojer donativos piadosos en los reinos de España y Dominios de Yndias, con escepcion de las Yslas de Puerto Rico, S.to Domingo, Trinidad, Margarita, Filipinas y el Reino de Guatemala, los apoderados del Abad y Cabildo de la Yglesia de Santa Maria la Real de Cobadonga, en el principado de Asturias, España, cuyos donativos se destinarán á la reconstruccion de aquel santuario, que fue casi demolido por la catástrofe del 12 de Octubre del año de 1777.' Recipient NA: a royal cédula with no addressee in Savage's heading (the leaf only notes it was sent in copy 'al Gob. de Neve, por Antonio de Bonilla'). orig_page: the document's foot-cite on n330 reads 'pp. 338-44', which the record carries verbatim as '(Sav: pp.338–344)'; the leading 'T.II 336–342' is an editorial reconciliation applied consistently across this stretch (d166–d175 all run Savage minus 2) and cannot be checked at the leaf. savage_page 328–329 = the printed stamps. Omissions: n329 carries only the tail of d169 (foot 'p.337-') and this document; n330 carries this tail plus d171 and the opening of d172 — all catalogued."
ca2-d22,2,22,n23,https://archive.org/details/168036075_79_4_2/page/n23,OK,OK,OK,OK,OK,OK,OK,PARTIAL,OK,"Read leaf n23 (stamp 23, pencil 22) of 168036075_79_4_2. Second document on the leaf, verbatim: '1782 = Agosto 13 = S. Gabriel. / Felipe de Neve á Nicolas Soler / Se acompaña tres estractos de revistas; dos de Monterey correspondientes á Junio y Julio, y otro de Santa Bárbara perteneciente á Julio. Que tambien le manda una Representacion p.a q.e le informe como previene / p 48.' Author, recipient, place, date, orig p.48 and savage stamp 23 all match. summary_fidelity PARTIAL: the revista clause is exact, but the record's 'asks a Representación as prescribed' reverses the direction of the second clause — the leaf says Neve SENDS Soler a representación ('le manda una Representacion') so that Soler reports on it ('p.a q.e le informe como previene'). Omissions: n23 carries two documents, the 4 Aug despacho de Alférez for Hermenegildo Sal (= d21) and this one; both catalogued."
ca2-d350,2,350,n480,https://archive.org/details/168036075_79_4_2/page/n480,OK,OK,OK,OK,OK,OK,OK,WRONG,OK,"Read leaf n480 (stamp 476, hand 142) of 168036075_79_4_2, first document. Heading verbatim: '1784. - Junio 30 - S.ta Barb.a / Goicoechea á Fages, sobre abono á la Real Hacienda.' Author/recipient/place/date all match; foot-cite 'p. -326.-' and the hand page '142' both match orig_page 'p.IV 142 (p.326)'; stamp 476 matches savage_page. summary_fidelity WRONG on the sum: the leaf reads 'Acusa recibo de la carta de 3 de Junio, en la que se le dice debe abonarse á esa Habilitacion la cantidad de 203 pesos 6 r.s 11/12 g.s perten.tes á la Real Hac.a y los que deberán rebajarse en Thesoreria de esa comp.a' — i.e. 203p 6r 11/12g, not the catalogued '203p 3r 4½g'. Confirmed at scale=1 with a 3x crop: the reales digit is a looped 6 and the fraction is an unambiguous superscript 11 over 12. The record's direction is also loose (the sum is to be credited TO that habilitación, pertaining to the Real Hacienda, and deducted in that company's Tesorería). Omissions: n480 carries two documents (this and d351); both catalogued."
ca3-d82,3,82,n87,https://archive.org/details/168036075_79_5_2/page/n87,OK,OK,PARTIAL,OK,OK,OK,OK,WRONG,OK,"Read leaf n87 (stamp 88, pencil 87) of 168036075_79_5_2, second document. Heading verbatim: '1784 Junio 18 Loreto. / José J. de Arrillaga á Pedro Fages / Sobre observancia de Alcabalas'. Date, recipient, foot-cite 'p. 178' (= orig v.178) and stamp 88 (the ca3 convention — n120 stamp 121/hand 120 is catalogued 121, n87 stamp 88/hand 87 is catalogued 88) all match. place PARTIAL: the leaf states 'Loreto', which the record carries only inside the author string 'Arrillaga (Loreto)', leaving the place field blank. summary_fidelity WRONG on two data points: the leaf reads 'Previniendo de los 28 documentos de Alcabalas su observancia segun advierte en oficio de 9 de Dic.re de 83' — TWENTY-EIGHT, not the catalogued 22 (verified on a scale=1 crop; the second digit is a clear 8) — and the index's compiler is 'el Cap.n Ramon Oñate' (tilde visible over the n), not 'Ramón Ortega[?]'. The '(nos.1–25)' element is right: 'los q.e existian en el sur que son del N.o 1. al 25.' Omissions: n87 carries the tail of d81 (foot 'p.177'), this document, and the opening of d83 ('Publicacion de R.l Cedula'); all catalogued."
ca3-d196,3,196,n166,https://archive.org/details/168036075_79_5_2/page/n166,OK,OK,PARTIAL,OK,OK,OK,WRONG,OK,OK,"Read leaf n166 of 168036075_79_5_2, second document. Heading verbatim: '1785 Agosto 9 Sta Barbara / Felipe de Goicoechea á Pedro Fages. / Sobre vigilancia en la Conducta moral de los Indios'. Body: 'Dice: que queda impuesto por su oficio de 2 de Junio ultimo de celar con la mayor vigilancia de los individuos que se hallan bajo sus ordenes, quedando advertido al que contravenga que se le impondrá la mas rigorosa pena. Quedando advertidos los Sarjentos y Cabos de esta vigilancia, sin el menor disimulo, por que serán comprehendidos en la misma pena.' Foot-cite reads 'p. 334 = 335.' — so the out-of-sequence orig_page 'v.334–335' is Savage's own and is recorded correctly (not the transposition it looks like). savage_page WRONG: the printed stamp at the head of n166 is 164 (pencil 163 above it, verified on a magnified crop); the record's 163 is the pencil foliation, contrary to this volume's own convention — n87 is catalogued 88 (stamp) not 87, n120 is catalogued 121 (stamp) not 120, and the very next leaf n167 (stamp 165 / pencil 164) is catalogued 165. The defect also affects d193–d195. place PARTIAL: 'Sta Barbara' is on the leaf but recorded only as '(SB)' inside the author field. Omissions: n166 carries two documents (d195, d196), both catalogued."
ca3-d483,3,483,n449–n454,https://archive.org/details/168036075_79_5_2/page/n449,OK,OK,PARTIAL,OK,OK,OK,OK,OK,OK,"Read all six leaves n449–n454 of 168036075_79_5_2 (stamps 442, 443, 445, 446, 447 verified plus n451; hand foliation restarts for tomo VI at 184). Opening on n449 verbatim: '1786. Febrero 24. San Diego / El Ayudante Ynspector Soler al Gob.r Fages sobre desórdenes causados por dar libre entrada en los Presidios á indios gentiles con sus mugeres. / Estimado Compadre y señor:...'. Ends on n454 with 'pp. 371_374.' = orig_page vi.371–374, immediately followed by the next document (1786 Oct 6, Monterrey = d484), so the n449–n454 pin and the 442–447 stamp range are both exact. Summary verified point by point: the illness and transfer on n452 ('mi accidente, que permanece en el estado que Vm. me dejó... me propuso trasladarme á este Presidio, dejando libre la habitacion de Sta Bárbara'); the SB friction on n453 ('Los desarreglos advertidos en Santa Bárbara han ocasionado el disgusto que Vm. me significa'); and Savage's embedded-borrador note on n452, verbatim: '(En este mismo documento se encuentra escrita en borrador una nota sin firma, y sin direccion y fecha; pero que, por su contexto, puede suponerse que fué escrita por Fages en respuesta á la de Soler, que literalmente dice:)'. place PARTIAL: 'San Diego' is on the leaf but recorded only inside the author string. Omissions: the tail of d482 on n449 and the head of d484 on n454 are both catalogued."
ca4-d330,4,330,n269,https://archive.org/details/168036075_79_6_2/page/n269,OK,PARTIAL,OK,OK,OK,OK,OK,OK,OK,"Read leaf n269 (stamp 269, hand 84) of 168036075_79_6_2, first document. Verbatim: '1788 Febr.o 25 S.n Fran.co / Argüello á Fages   Remision de Inventarios / Acompaña el Inventario de los enseres de esta Habilitacion firmado por los Apoderados de d.ha Comp.a; assimismo el Inventario de los bienes del reo Fran.co Avila en el pueblo de San José, los q.e conserva su Apoderado Ramon Bozorques - / p. 248'. The record's quoted string matches the leaf letter for letter, including 'Bozorques'; place, date, orig p.248 and the dual savage_page '269 [stamp] / 84 [hand]' are all exact. recipient PARTIAL: the leaf names Fages as addressee, and the record carries him only inside the author field ('Argüello á Pedro Fages'), leaving recipient blank. Omissions: n269 carries three documents (this, d331 'Arresto de un Soldado' p.249, and the opening of d332 'sobre un pleito'); all three are catalogued."
ca4-d446,4,446,n206-n211,https://archive.org/details/168036075_79_6_2/page/n206,OK,PARTIAL,OK,OK,OK,OK,PARTIAL,OK,OK,"Read all six leaves n206–n211 of 168036075_79_6_2. Heading on n206 matches the record word for word: '1788 Abril 7 - San Gabriel / Fages = Ordenes grales que debe observar el Sargento encargado de la Escolta de la nueva Mision de la Purísima Concepcion'. The opening article and every quoted article were checked against the leaves and are accurate (n207: 'que por ningun motivo se les den belduques, aros de barril, pedazos de espadas ni otros instrumentos de que hacen armas' — the record spells it 'beldueques', a one-letter slip in an otherwise exact quotation; also 'ocho dias de Planton haciendo primas y modorras con cuatro cueras, pero si fuere por las Indias, ó que las solicite en el campo se le doblará la pena'; n208: 'ocho dias en el cepo, y quince si las mataren... por la primera se les castiga con piedad, pero que si reinciden seran tratados con mayor rigor' and 'Debe mantenerse centinela viva de dia y de noche, así como la caballada y ganado bajo de pastoría y vela'; n210: 'dos ó tres hombres de escolta', 'No tiene facultad el Sarg.to para destacar partidas en solicitud de Indios cimarrones', the Laguna Larga mail-road article, and 'que no se maltrate á los Indios en manera alguna sino fuere en la forzosa precision de que nos insulten con sus armas'; n211 closes with the correos/cambalache/San Luis recua articles and the foot-cite 'pp. 67-76'). orig_page therefore exact; the six-leaf pin is exact and the text is continuous. savage_page PARTIAL: all six stamp/hand pairs are right (206/21, 207/22, 208/23, 209/24, 210/25, 211/26, each verified on a magnified crop), but the annotation 'n209 ... (not opened)' is contradicted by the leaf — n209 serves fully and legibly and carries continuous text of this same instruction ('Hará el Sargento entender á la tropa que es precisa obligacion contribuir con su trabajo á la fábrica de la Yglesia, habitacion de los P.P. y á la de la Guardia...'). recipient PARTIAL: the addressee (the sergeant of the Purísima escolta) is recorded only inside the author field. Two further observations, neither an omission: Savage appends a note the record does not mention, verbatim on n211, '(El documento que precede está intercalado y repetido de la página 71 á la 74.)'; and catalogue record ca3... rather ca4 d261 independently claims n208–n210 for a different document ('Tomo-VIII copy', orig p.23–25, dated 1787-01-11), which those leaves do not contain — a mis-pinned neighbour, i.e. over-catalogue, not an uncatalogued document."
ca5-d56,5,56,n99,https://archive.org/details/168036075_79_7/page/n99,OK,OK,OK,OK,OK,OK,OK,OK,OK,"Read leaf n99 (stamp 98, hand 96) of 168036075_79_7, middle document. Verbatim: '1789. Mayo (no tiene fecha) Monterey / Ortega á Fages. / Dice, envia estractos de revistas y Estados de fuerza del presente mes de Mayo. / p. 150.' Author, recipient, place Monterey, the month-only date 1789-05 with Savage's own '(no tiene fecha)' flag, orig p.150 and the dual savage_page 98/96 are all confirmed at the leaf. The record's observation that this is the only non-Goycoechea, non-Santa-Bárbara item in the stretch is also true of the leaf: the documents above and below it are both '1789 - Febr.o 27 - Santa Bárbara / Goycoechea á Fages'. Omissions: n99 carries three documents (d55 'escudo de Ventaja á un sold.o' p.148, this one, and d57 'remision de estracto de un soldado'); all catalogued."
ca5-d190,5,190,n191,https://archive.org/details/168036075_79_7/page/n191,OK,OK,OK,OK,OK,OK,OK,OK,OK,"Read leaf n191 (stamp 190, hand 188) of 168036075_79_7, first document. Verbatim: '1790 - Dic.re 1 - Santa Barbara / Goycoechea á Fages: Sobre un Soldado. / Dice que pasará à las Sup.res manos la instancia del Sold.o Juan Seyba / p. 336.' Every field matches the leaf, including the heading gloss and the quoted sentence in the summary, the soldier's name as Savage spells it ('Juan Seyba'), orig p.336 and the dual savage_page 190/188. Omissions: n191 carries three documents (this, d191 'Extractos de Revista, y estados de fuerza' p.337, and d192 'Ajuste de un Sold.o' p.338); all three are catalogued."
ca6-d124,6,124,n119,https://archive.org/details/168036075_79_8/page/n119,OK,PARTIAL,OK,OK,OK,OK,OK,OK,OK,"Leaf read: 168036075_79_8 n119 (printed stamp '119', ink hand '118' beside it). Second and last of two entries on the leaf, heading verbatim: '1791 = Enero 18 = Sta Barbara / F. Goycoechea á P. Fages. / Carta de aviso'. Body verbatim: 'Que manda la relacion jurada de los oficios que ha franqueado en el año de 1790. para que se le haga el reintegro de 42 pesos y 3 reales á que asciende la correspondencia de dichos oficios.' Foot: 'p.423.' So author, place, date, both page systems, scan pin and the quoted abstract all match exactly. RECIPIENT = PARTIAL only: the leaf names an addressee ('á P. Fages') but the recipient column is empty, the name surviving only inside the author string, so the datum is present in the record yet unqueryable in its own field. Omissions OK: the leaf's first entry (accounts of 1789, maize spoiled, tithes, marginal note 'Se remitió la cuenta y libranza á las Cajas del Rosario en 10 de febrero de 91', p.422) is covered by ca6-d123."
ca6-d259,6,259,n326,https://archive.org/details/168036075_79_8/page/n326,OK,PARTIAL,OK,OK,OK,OK,OK,OK,OK,"Leaves read: 168036075_79_8 n326 (stamp '326', ink fol. '142.') and n327 (stamp '327', ink fol. '143.'), exactly as the record states. Heading verbatim on n326: '1793 - Nov.e 10 - Loreto. / Ortega á Arrillaga, sobre solicitacion de reclutas y otros asuntos.' Tail foots 'pp. 336-7-' on n327, matching orig_page. Body checked word for word against the abstract: 'en cumplim.to de su órden de 24 de Ag.to ha solicitado 6 reclutas, y el 7 de Oct.e filió á los siguientes cinco: José Jacobo Morillo, José Vicente Feliz, José M.a Morillo, Juan Felipe Ibañez y Man.l Salgado, y el 18 á Mariano Lopez'; 'continua escuela de ejercicio de fuego, manejo de armas, amanzadura de mulas'; 'hizo traer doce quebrantadas (á medio amansar) de S.n José y ya las tienen mansas'; 'regresaron de Pichilingue la Goleta y el Javeque, habiendo ido y vuelto en 15 dias á pesar de los Nortes, y espera la llegada de la Loretana dentro de pocos dias'; 'Dice mando q.e los utensilios de fundacion mando viniesen de preferencia'. Every element of the abstract is on the leaf. RECIPIENT = PARTIAL for the same structural reason as ca6-d124: Arrillaga is named only inside the author string, the recipient column is blank. Omissions OK: the rest of n326 is d257's tail (p.334) and d258 (p.335)."
ca7-d449,7,449,n344,https://archive.org/details/168036075_79_9_2/page/n344,OK,OK,PARTIAL,OK,OK,OK,OK,WRONG,OK,"Leaf read: 168036075_79_9_2 n344 (printed stamp '340'; copyist's own page '(126.)' written at head, which is what savage_page records, correctly). Heading verbatim: '1795. = Junio 19 = México. / Branciforte á Borica, sobre remision de Artesanos á esta Península.' Foot: 'pp. 297 = 299'. Author, recipient, date, orig_page, savage_page and scan pin all confirmed. PLACE = PARTIAL: the leaf gives 'México' as the place of writing but the place column is empty, the datum surviving only as a parenthesis in the author string. SUMMARY = WRONG: the abstract presents a verbatim quotation that the leaf does not support. The catalogue prints Savage's note as 'ya se tomó nota á consecuencia de fojas 241 á 243… y de foja 168 á 172. Esta es copia'. The leaf reads, in full and unambiguously at high magnification: '(De este documento ya se tomó nota y corre de fojas 241 á 243 del mismo volúmen, y de fojas 108 á 112 de esta copia = Copista.)' Three departures: 'y corre de' becomes 'á consecuencia de'; 'de fojas 108 á 112 de esta copia' becomes 'de foja 168 á 172'; 'de esta copia = Copista' becomes 'Esta es copia'. The misread figure matters, because 108 á 112 is precisely the Savage pagination of Doc 433 (recorded in the catalogue itself as sav (108)-(112), orig xiii.241-243), so Savage's note points at one location only, not two, and the bracketed gloss '[= Docs 373 & 433]' adds a cross-reference the leaf does not make. The duplicate finding itself is sound. Omissions OK: the leaf's first entry (the carpenter José Antonio Ramírez, pp. 295-296) is ca7-d448."
ca7-d587,7,587,n454–n455,https://archive.org/details/168036075_79_9_2/page/n454,OK,OK,PARTIAL,OK,OK,OK,OK,OK,OK,"Leaves read: 168036075_79_9_2 n454 (stamp '449', hand '235.') and n455 (stamp '450', hand '236.'), so savage_page (235)-(236) is exact and the two-leaf span is exact. Heading verbatim on n454: '1795. = Abril 9. = San Fran.co / Perez Fernandez á Borica, sobre Extractos de Revista y diario formado por el Sarg.to Pedro Amador.' Body: 'Remite por duplicado los Extractos de revista y Estado de Fuerza, correspondientes al presente mes. Asimismo acompaña el Diario formado por el Sargento de su comp.a Pedro Amador en las recorridas de Escoltas.' Foot on n455: 'p = 533', matching orig_page xiii.533. The abstract ('Remits duplicate musters + Sgt. Pedro Amador's escort-inspection diary') fairly represents this; the only thing compressed out is 'Estado de Fuerza', which 'musters' reasonably covers. PLACE = PARTIAL: leaf gives 'San Fran.co' as place of writing, place column empty, datum carried only as '(SF)' inside the author string. Omissions OK: the rest of n454 is d585's tail (Fr. Baldomero López, Mission Sta Cruz, 24 April 1795, p.531) and d586 (Abril 20, 'doce azotes á los cuatro Indios del Becerro', p.532)."
ca7-d605,7,605,n478–n483,https://archive.org/details/168036075_79_9_2/page/n478,OK,WRONG,PARTIAL,OK,OK,OK,OK,WRONG,OK,"Leaves read: 168036075_79_9_2 n478 through n483. n478 = stamp '473', hand '259.'; n483 = stamp '478', hand '264.', so the span n478-n483 and savage (259)-(264) are both exact, and n483 foots 'pp = 585 = 90', matching orig_page xiii.585-590. Date confirmed: '1795 = Octubre 1.o = San Diego.' RECIPIENT = WRONG. The catalogue records '[Nava]' as an inference; the leaf heading states the addressee outright: 'Grajera á Borica, sobre visita á la Mision de San Miguel.' PLACE = PARTIAL (leaf 'San Diego', place column empty, folded into author as '(SD)'). SUMMARY = WRONG on four discrete data points. (1) 'left London 1 Nov 1793': leaf n482 reads 'dicha Fragata salió de Londres el día 14 de Nov. de 93 fletada por el Rey Británico' (the '14' is unambiguous at high magnification). (2) '110 arrobas flour': leaf n482 reads '3 reses, 6 castrados, 40 arrobas de harina, 24 gallinas, 6 @ de cebolla, algunas calabazas, 15 fan.s de Maíz, 6 fan.s de frijol, 4 de sal' (forty, not a hundred and ten). (3) 'boarding party ashore (captain + English interpreter + 2 Black crew)': leaf n481 reads 'donde encontré dos tan solamente en tierra y los demas todos en la Lancha… me respondieron que el Capitan del barco y un marinero que le servía de intérprete y éste era un negro' (two men ashore, the captain and one Black sailor-interpreter, not four). (4) '300 barrels sperm & oil': leaf n483 reads 'y que llevaban 5[0 struck through] barriles de esperma y aceite'; whatever the cancelled digit, there is no '3' and no three-digit figure. Two further softer slips: the catalogue's 'provisioned it… against a bill in Cádiz/London' inverts the outcome, since the padres 'respondieron francamente que no necesitaban letra alguna para socorrer aquella necesidad que estaban prontos á darles lo que pidieran'; and the captain's name is silently normalised, the leaf reading 'su capitan se llama Juan Lochi'. The narrative frame (pedrero and horse into the estero, 'que caballo y cañon cayeron en el Estero; de suerte que el caballo murió [se ahogó] y el cañon no pudimos hacer uso de él, porque se llenó de agua', course for the Ensenada de Todos Santos, crew of 50 plus the officer's widow, Acapulco leg) is accurate. Omissions OK: n478's other entry (Arrillaga á Borica, 21 Aug 1795, relacion de Embarcaciones, pp. 583-84) is ca7-d604."
ca7-d618,7,618,n487,https://archive.org/details/168036075_79_9_2/page/n487,OK,OK,PARTIAL,OK,OK,OK,OK,OK,OK,"Leaf read: 168036075_79_9_2 n487 (stamp '482', hand '268.'), so savage_page (268) is exact. Entry verbatim in full: '1795 = Enero 20 = San Diego. / Grajera á Borica / Sobre memoriales. / p - 607.' Author, recipient, date, orig_page xiii.607 and the one-line abstract all match the leaf exactly. PLACE = PARTIAL: leaf gives 'San Diego', place column empty, datum only inside the author string as '(SD)'. Omissions OK: the leaf's other content is d617's tail (uniform regulation, 'que ningunos soldados de su compañía usen otras prendas de Vestuario que el señalado por el tít. 3.o del Reglam.to', p.606) and d619 (9 July 1795, Nicolás Manzanelli's otter-pelt expedition to Macao and Canton, p.609)."
ca8-d257,8,257,n192,https://archive.org/details/168036075_79_10/page/n192,NA,NA,NA,PARTIAL,WRONG,NA,WRONG,OK,WRONG,"Leaves read: 168036075_79_10 n191, n192, n193, n194. SCAN_PIN = WRONG. The title page is on n191, not n192. n191 is stamped '197' and carries, centred, exactly 'Provincial State Papers / Vol. XV. / 1797.' (plus a later pencil note 'Stuntz + Gomez 30'). The cited leaf n192 is stamped '198' and carries a different, complete document: '1797. Abril 1.o S.n Fr.co / Raymundo Carillo - cuenta al soldado D.n Meza. / Apunte que se le forma al contenido desde 1.o de Enero del presente año hasta 31 de Marzo inclusive en que fue escluido de su compañía. Abonos… Cargos…', footed 'p. 1.' SAVAGE_PAGE = WRONG: recorded as 196, but the title leaf bears stamp 197 and the cited leaf n192 bears 198 (196 is two leaves earlier). SUMMARY = OK: the quoted title is verbatim correct for the document it describes. DATE = PARTIAL: recorded '—', but the title leaf does print '1797'. Author, recipient, place and orig_page are legitimately empty, a title page offering none of them. OMISSIONS = WRONG: the Carrillo/Meza ajuste physically on n192 is covered by no catalogue record. I grepped all of C-A 8 for Meza/Mesa plus Carrillo/ajuste/cuenta and for every Carrillo record (d48, d64, d102, d469); none is this document. The neighbouring rows are also mis-pinned, which is how the gap opened: d258 claims n193 = Argüello monthly report p.1-2, but n193 is stamped '199' and carries 'Raymundo Carrillo - al cabo Miguel Pacheco' (foot 'p. 2') plus '1797. Mayo 29… José Argüello al Gov.r Diego de Borica. Da parte de un cabo borracho'."
ca8-d288,8,288,n230,https://archive.org/details/168036075_79_10/page/n230,OK,OK,PARTIAL,WRONG,WRONG,WRONG,WRONG,PARTIAL,WRONG,"Leaves read: 168036075_79_10 n228, n229, n230. SCAN_PIN = WRONG. n230 is stamped '236' (ink hand '39.') and carries two documents, neither of them a 31 March revista: '1797. Abril 11. Sta Barb.a / Goycoechea á Borica. Nombram.to de vicario foraneo' (Bishop Rouset de Jesús naming Fr. Fermín Fco de Lasuén vicario foráneo), foot 'p. 106'; and '1797. Abril 3. Sta. Barb.a / Goycoechea á Borica / Paso a mános de V.S. los extractos de revista y estados de fuerza p.r duplicado, corresp.te á esta compañia y á los 4 meses primeros de este año', foot 'p. 108'. SAVAGE_PAGE = WRONG: stamp 234 is n228, two leaves earlier (n228 carries '1797. En.o 15. Sta Barb.a Goycoechea a Borica. Doc.tos militares', p. 99, and '1797. Abril 2… los pesos… no quieren decir falsos las dos ojas que señalan', p. 100). ORIG_PAGE = WRONG: the cited leaf foots p. 106 and p. 108; p. 104 sits on n229 (stamp 235) and belongs to '1797. Abril 10. Sta Barbara / Goycoechea á Borica. Se reparta armam.to a vecinos'. DATE = WRONG: no 31 March 1797 document exists on the cited leaf or either neighbour; the dates actually present across n228-n230 are Enero 15, Abril 2, Abril 2, Abril 10, Abril 11, Abril 3. SUMMARY = PARTIAL: there is a revista-and-strength-return transmittal on the leaf, but it is dated 3 April and covers 'los 4 meses primeros de este año' sent 'p.r duplicado', not March alone. AUTHOR and RECIPIENT = OK on the leaf's own evidence: every Santa Bárbara letter in this stretch is 'Goycoechea á Borica'. PLACE = PARTIAL (blank; 'SB' folded into the recipient field). OMISSIONS = WRONG: the vicario foráneo letter of 11 April 1797 (p. 106) is covered by no record. I grepped C-A 8 for vicario/foraneo/Lasuén; the only hits are d299, d371, d424 and d446, none of them this document, and d289 (which claims p.106-110) is itself leaf-verified as the three war-declaration acknowledgments at pp. 111-114."
ca8-d377,8,377,n390–391,https://archive.org/details/168036075_79_10/page/n390,PARTIAL,NA,PARTIAL,WRONG,PARTIAL,OK,OK,WRONG,OK,"Leaves read: 168036075_79_10 n390 (stamp '391', ink hand '196') and n391 (stamp '392', ink hand '197'). savage_page 391 is exact, and all three diaries sit on n390 alone, footing pp 589-590, pp 591-4 and pp 595-8, so orig_page p.589-598 is exact. SCAN_PIN = PARTIAL: the document is on the first cited leaf, but the span overstates by one leaf, since n391 is wholly the next record's (three separate Ruiz-to-Borica letters, pp 599-600, 602-3, 604-5, catalogued as d378). DATE = WRONG: recorded '1797-02/04', but the headings read '1797 Feb 28 Pueblo de los Angeles', '1797 Feb. 16 Sta Barbara' and '1797 Ag.t 5 S.n Vicente'; the third is August, not April, so the true range is Feb-Aug. AUTHOR = PARTIAL: given names and ranks are dropped; the leaf reads 'Javier Alvarado', 'Pablo Cota' ('Su diario como alferez de la compañia de Sta Barbara') and 'Sarg.to José Fran.co Ruiz'. PLACE = PARTIAL (place column empty; the three places are folded into the author string). RECIPIENT = NA: these are submitted diaries with no addressee in any heading. SUMMARY = WRONG on two points, both inside what reads as a quotation. The leaf reads: 'Nada digno de mención excepto que Inocencio Mesa salió con su mujer el 11 de Julio y los gentiles lo mataron porque su padre antes havia matado algunos gentiles de este Valle.' First, 'lo mataron' is singular: only Mesa is said to be killed, not 'Mesa + wife murdered'. The catalogue's own d379 confirms it, recording that 'Mesa's widow identified the killer'. Second, the catalogue quotes 'un padre antes había matado algunos gentiles de este Valle'; the leaf plainly reads 'su padre', that is Mesa's own father, so the motive is a family vendetta, not a killing by a mission priest. That single letter reverses the meaning of the sentence. Omissions OK: n390 holds only these three diaries and all three are described."
ca9-d125,9,125,n84,https://archive.org/details/bancarchca_79_11/page/n84,OK,OK,OK,OK,OK,OK,PARTIAL,OK,OK,"Leaf read: bancarchca_79_11 n84. Second of two entries, verbatim: '1797 Dic. 6 San Fran.co / Argüello á Borica  Envio de docum.tos / Incluye la Noticia de los productos de Correos y Tabacos desde 92 hta el año 96, y de lo q.e puede producir en cada bienio la distribucion de bulas. / p. 232'. Author, recipient, place, date, orig_page 232, scan pin and the abstract all match exactly. SAVAGE_PAGE = PARTIAL: the field is empty, but the leaf does carry both numbers, a printed stamp '84' and an ink '83' above it at the top right corner, so the datum was available and is unrecorded. This is a volume-wide gap rather than a one-off error (0 of 491 C-A 9 records carry a savage_page), which makes it a systematic incompleteness worth reporting as such. Omissions OK: the leaf's first entry (1797 Dic. 7, commissioning Cabo Luis Peralta for the padrones of Sta Clara, Sta Cruz and San José, with 'el inválido Gab.l Peralta' covering Sta Clara, pp. 230-231) is ca9-d124."
ca9-d274,9,274,n162,https://archive.org/details/bancarchca_79_11/page/n162,OK,OK,OK,OK,OK,OK,PARTIAL,PARTIAL,OK,"Leaf read: bancarchca_79_11 n162 (scale 2). Second of three entries: ""1797 En.º 4  S. Diego / Grajera á Borica  sobre sueldos de Inválidos / Que impuesto seg.n r.l ord.n de 23 Marzo ult sobre los sueldos que se asignan á los Inválidos. / pp. 590"". Author, recipient, place, date (En.º 4 = 4 Jan) and orig_page 590 all confirmed at the leaf. savage_page PARTIAL: the field is blank, but the leaf bears a printed stamp ""162"" top right (pencil ""161"" beside it) — the datum exists and is not recorded (this is systematic: all 491 C-A 9 rows have savage_page empty). summary_fidelity PARTIAL: ""holds the R.O. of 23 Mar"" loosely renders ""Que impuesto seg.n r.l ord.n de 23 Marzo"" (= is informed/apprised per the R.O.), not that he holds or encloses it; substance (23 March R.O., invalids' assigned pay) is right. Omissions OK — all three documents on the leaf are catalogued (d273 Font/Herida á un soldado pp.588-589; d274; d275 Recibo de un bando)."
ca9-d314,9,314,n182,https://archive.org/details/bancarchca_79_11/page/n182,OK,OK,OK,OK,OK,OK,PARTIAL,OK,OK,"Leaf read: bancarchca_79_11 n182 (scale 2). Third entry: ""1797 Dic. 15  S. Diego / Grajera á Borica    Ascenso / Que recibió tres r.s despachos, de alf.z de este Pres.º p.ª José Lujan, de Teniente y el de su retiro de alf.z p.ª Pablo Grijalva. / p. 675"". Author, recipient, place, date and orig_page 675 all confirmed; abstract reproduces the three despachos correctly (the parenthetical Anza-veteran/Yorba-Peralta gloss is editorial context, not on the leaf, and is not contradicted by it). savage_page PARTIAL: blank in the record, but the leaf is stamped ""182"" top right (pencil ""181""). Omissions OK — the leaf's three entries are all catalogued (d312 Pase á Inválidos p.673; d313 Señales de reconocimiento p.674; d314)."
ca10-d178,10,178,n163,https://archive.org/details/168036075_79_12/page/n163,OK,OK,OK,OK,OK,OK,OK,OK,OK,"Leaf read: 168036075_79_12 n163 (scale 2, plus a scale-1 crop of the date line). First entry: ""1798 = Obre 9 = México / Azanza al Gob.r de Cal.s / Licencia á un cadete. / Que ha concedido licencia al cadete Fernando Perez Foral, auxiliandolo en la Comis.n de Habilit.º, p.r no poder continuar sus servicios por enfermedad. / p 335"". Verbatim quotation in the record matches the leaf word for word; ""Obre"" = Octubre, so 1798-10-09 is right. Page systems both correct: leaf head carries printed ""164"" and pencil ""163"" (= savage_page 164/163) and the foot cites p 335 (= orig_page p.335). Omissions OK — all three entries on the leaf are catalogued (d178, d179 permiso á un sacerdote p.336, d180 Concepción p.337 spanning n163-n164)."
ca10-d255,10,255,n213,https://archive.org/details/168036075_79_12/page/n213,OK,OK,OK,OK,OK,OK,OK,OK,OK,"Leaf read: 168036075_79_12 n213 (scale 2). Second entry: ""1799 = Mayo 17 = México. / Azanza á Borica / Recibo de estractos. / Que recibió los estractos gr.les de revistas de las Compañías Presidiales. / p 465"". Every field confirmed at the leaf, including the transcription. Head bears printed ""213"" with pencil ""211"" (= savage_page 213/211); foot cites p 465 (= orig_page p.465). Omissions OK — the leaf's three entries are all catalogued (d254 Bando sobre aprovechamto de mugeres y niñas pp.463-64; d255; d256 Recibo de su hoja de servicios p.466)."
ca10-d276,10,276,n223,https://archive.org/details/168036075_79_12/page/n223,OK,OK,OK,OK,OK,OK,OK,OK,OK,"Leaf read: 168036075_79_12 n223 (scale 2). First entry: ""1799 = Mzo 23 = México. / Azanza á Borica / Remision de un poblador. / Que por el buque que lleve las memorias, irá Luis de Cuevas en calidad de poblador, p.r haberlo deseado asi su padre; q.e ha dado aviso al Hab.º Gral de esa Peninsula y al M.tro pral de S. Blas. / p 491"". Transcription matches verbatim; ""Mzo 23"" = 1799-03-23. Head printed ""223"", pencil ""221"" (= savage_page 223/221); foot p 491 (= orig_page p.491). Omissions OK — both entries on the leaf are catalogued (d276; d277 Castigo á dos indios, spanning n223-n224)."
ca10-d447,10,447,n300,https://archive.org/details/168036075_79_12/page/n300,OK,OK,OK,OK,OK,OK,OK,OK,OK,"Leaf read: 168036075_79_12 n300 (scale 2). Second entry: ""1799 = Junio 14 = Sta Bárb.ª / Goycoechea á Borica / q.e ha dado sus dispos.es p.ª evitar tratos de tropa y vec.s con mayord.s de las Mis.s, previo consent.º de sus M.tros. / p 788"". Transcription and gloss both faithful. Head printed ""300"", pencil ""298"" (= savage_page 300/298); foot p 788 (= orig_page p.788). Omissions OK — the leaf's three entries are all catalogued (d446 Princesa/memorias pp.786-87; d447; d448 cadets in the Habilitación pp.789-90)."
ca11-d233,11,233,n221–222,https://archive.org/details/168036075_79_13_2/page/n221,OK,OK,PARTIAL,WRONG,OK,WRONG,OK,WRONG,OK,"Leaves read: 168036075_79_13_2 n221 and n222 (scale 2, plus scale-1 crops). The document is the last entry on n221, headed verbatim ""1802 - Mzo. 31 - Monterey. / Argüello á Arrillaga. / Dá parte q.e..."", finishing at the top of n222: ""...en la Memoria de su Comp.ª de 1801, resultaron 16 p.s á favor de Habilitado Gral. Carcaba. / p. 509 - (dup)."" DATE WRONG: the leaf reads ""1802 - Mzo. 31"", the record says 1803 Mar 31 (checked at scale 1: the year is unambiguously 1802). SUMMARY WRONG: the balance is ""16 p.s"", not 14 pesos — the digit matches the ""6"" of ""pp. 505-6"" on the facing leaf (closed bottom loop with tall descending entry stroke), and is not the ""5"" or ""8"" form used elsewhere on these leaves; the abstract also drops the named Habilitado General, Carcaba. ORIG_PAGE WRONG: the leaf foots the original tomo citation as ""p. 509 - (dup)""; the recorded ""p.218–19"" is instead the pencil foliation at the head of n221/n222 (218 and 219), which runs exactly 3 below the printed stamp throughout C-A 11 — so this field holds the copybook's second foliation, not the tomo page Bancroft cites. savage_page OK: printed stamps on the two leaves are 221 and 222. scan_pin OK: the document does begin on n221 and end on n222. place PARTIAL: field blank although the leaf heads the entry ""Monterey"" (nothing elsewhere in the record carries it). Omissions OK — every document on n221 and n222 is catalogued (d230, d232, d231, d233, d235, d236, d234)."
ca11-d277,11,277,n244–245,https://archive.org/details/168036075_79_13_2/page/n244,OK,OK,PARTIAL,WRONG,WRONG,WRONG,OK,PARTIAL,OK,"Leaves read: 168036075_79_13_2 n244, n245 and n246 (scale 2, plus a scale-1 crop of the date line). The document is the third entry on n245, headed ""1803 - Set.e 24 - S.n Vicente. / Ruiz á Arrillaga. Estado de las Fronteras. / Participa no haber novedad en la tropa: fuga gral. de naturales de Mision de S.to Tomas, q.e no causó ningunos perjuicios; no haberse celebrado misa en aquella des- [n246] de el 17 de Mayo: revoluciones de indios p.r causa de pensar no se enviará jamás Misionero á S.to Tomas &c. / pp. 607-8."" DATE WRONG: the leaf reads ""Set.e 24"" (24 September), not Nov 24 — verified on an enlarged scale-1 crop. SCAN_PIN WRONG: the record pins n244–245 and its ia_url points at n244, but n244 (printed stamp 243) carries two different documents — ""1803 - Nov.e 5 - S.n Vicente / Ruiz á Fr. Juan Rivas ... p. 601"" and ""1803 - Nov.e 30 - S.n Vicente / Ruiz á Arrillaga. Nuevas declaraciones á dos reos ... pp. 602-3"". The Estado de las Fronteras runs n245–n246. ORIG_PAGE WRONG: the leaf foots ""pp. 607-8"" (which the catalogue instead buried in the summary text); the recorded ""p.241–42"" is the pencil foliation of n245/n246. savage_page OK: the printed stamps on the two leaves that actually carry the document are 244 and 245, exactly as recorded — which is what shows the defect is in the scan index, not the savage page. summary_fidelity PARTIAL: substance right, but ""desde el 17 de Mayo"" attaches on the leaf to the mass not having been celebrated, not to the ""revoluciones de indios"", and the leaf makes the Indians' belief that no missionary will ever be sent the CAUSE of the disturbances (""p.r causa de pensar""), a link the abstract drops. place PARTIAL: place field blank, though S. Vicente is carried inside the author string. Omissions OK — every document on n244 and n245 is catalogued (d275, d274, d278, d276, d277)."
ca11-d327,11,327,n294,https://archive.org/details/168036075_79_13_2/page/n294,OK,OK,PARTIAL,OK,OK,WRONG,OK,WRONG,OK,"Leaf read: 168036075_79_13_2 n294 (scale 2, plus a scale-1 crop of the operative line). Third entry: ""1803 - Junio 10 - Mex / Iturrigaray á Gob. de Cals. Sueldo á un oficial. / Traslada órden R.l en q.e el Rey concede al Alferez de la Comp.ª de Cab.ª del Presidio de Loreto, en vista de su solicitud, el sueldo de Alabardero de la Guardia de d.cho Virey. / pp. 713-14"". SUMMARY WRONG: the grant is the pay of an ALABARDERO (halberdier) of the Viceroy's guard — read at scale 1, ""el sueldo de Alabardero de la Guardia d[e dicho Virey]"" — not ""Abanderado"" (standard-bearer), a different post; the abstract also drops ""de dicho Virey"" and ""en vista de su solicitud"". ORIG_PAGE WRONG: the leaf foots ""pp. 713-14"" (the catalogue put that in the summary text instead); the recorded ""p.290"" is the pencil foliation at the head of n294. savage_page OK: printed stamp on the leaf is 293. date and scan_pin confirmed at the leaf. place PARTIAL: field blank, though ""Mex"" is carried inside the author string. Omissions OK — everything on the leaf is catalogued (d324 continuation ending p.710; d328 Junio 7 Sueldos de oficiales p.711; d327)."
ca12-d211,12,211,n198,https://archive.org/details/168036075_79_14/page/n198,OK,OK,PARTIAL,OK,OK,OK,OK,WRONG,OK,"Leaf read: 168036075_79_14 n198 (scale 2, plus a scale-1 crop of the figure). Second entry: ""1807. Set.e 26. Méx. / Iturrigaray - á Gob. de Cal.s - Sobre el situado. / Le comunica que con esta f.ha escribió al Habilitado Gen. avisándole haber dado órden á la Tesorería Gen.l p.ª que le entreguen $83,741. 5 r.s 4 g.s 'que se ha regulado corresponder á los presidios y piquete de artill.ª de la Alta Cal. p.ª la habilit.ª de sus Memorias del año próx.º' / pp 519-21"". SUMMARY WRONG on the one figure that matters: the leaf reads $83,741 5 reales 4 granos; the record has ""$82,741-5-4½"" — the thousands digit is wrong (the glyph is a clear 3, not a 2, at scale 1) and ""4½"" misrenders ""4 g.s"". The rest of the abstract (presidios + artillery piquete, next year's Memorias) is faithful; the ""cf. C70"" cross-reference is not checkable from this leaf. date (Set.e 26 = 26 Sept 1807), orig_page (foot ""pp 519-21"") and savage_page (printed stamp 196, pencil 196) all confirmed. place PARTIAL: the place field is blank, though ""México"" is carried inside date_text and the leaf heads the entry ""Méx."". Omissions OK — the leaf's three entries are all catalogued (d210 1805 May 15 contraband, pp. 577-8; d211; d212 Argüello marriage, spanning n198-n199)."
ca12-d327,12,327,n272,https://archive.org/details/168036075_79_14/page/n272,WRONG,WRONG,OK,OK,OK,OK,OK,PARTIAL,OK,"Leaf n272 (IA 168036075_79_14), printed stamp 269. Entry reads verbatim: '+ 1808. Dic. 5. Monterey. / Jose M.a Estudillo - / Recibo dado a Jose M.a Estrada, por saldo de cuenta de la habilitacion / p. 725. (Dup.)'. AUTHOR: field is blank although the underlined heading name (Savage's author slot, cf. the next entry on the same leaf 'Estudillo a Arrillaga') is 'Jose M.a Estudillo'. RECIPIENT: catalogue says 'Estudillo'; the leaf says the receipt was given 'a Jose M.a Estrada' - two different men, and the roles are inverted. Verified at high magnification: heading 'Estudillo', body 'Estrada'. PLACE: field empty but date_text carries 'Monterey', matching the leaf. DATE 1808-12-05, ORIG 'p. 725.', SAVAGE stamp 269 all confirmed. SUMMARY 'Receipt for the habilitacion balance. (Dup.)' is right in substance ('por saldo de cuenta de la habilitacion') but drops the one named party, Estrada - the same drop that corrupted the recipient field. OMISSIONS: the leaf's second entry (1809 Set. 20, 'Estudillo a Arrillaga', pp. 726-30) is covered by ca12-d328; nothing uncatalogued."
ca12-d409,12,409,n333–n334,https://archive.org/details/168036075_79_14/page/n333,PARTIAL,NA,OK,WRONG,OK,OK,OK,OK,OK,"Leaves n333-n334 (IA 168036075_79_14), printed stamps 326 and 327. DATE IS WRONG: the heading reads '+ 1812. Set. 30 Sta Barb.a' - 30 September 1812, not the catalogued 1812-10-30. Checked at 2x crop; the word is 'Set.' with the long-s/t ligature, and the document itself concerns service that ended in January 1811, so no October date is in play. AUTHOR: leaf 'Cap.n Josef Arguello, Comand.te del Presidio'; catalogue 'Jose Arguello' identifies the right man (Josef = Jose is a legitimate expansion) but drops rank and office. RECIPIENT: the piece is a certification with no addressee named, so blank is correct. ORIG: leaf closes 'pp 1063 - 7' = catalogued '1063-7'. SUMMARY verified line by line against the leaf: 'Certifica que los milicianos de artill.a y los invalidos y vecinos de los Ang.s cooperaron en todo lo que se ofrecio de servicios cuando la revoluc.n de los indios cristianos y gentiles que intentaron atacar la mision de S.n Gabl. y el citado pueblo'; 'el cabo de aquellos milicianos Jose Bartolome Tapia, a mas de sus servic.s personales, ofrecio $150. - como donativo'; roster of cabos and soldados (Claudio Lopez, Bartolo Tapia, the Avilas, Verdugo, Higuera, Nieto...); 'Sirvieron desde 28 Oct. 1810 hasta 4 En.o 1811'; 'por orden del Sarg.to comisionado Guille Cota, hasta que los mando retirar el alferez Gab.l Moraga.' OMISSIONS: n334 also bears Savage's finding-aid note 'pp. 1070-1087 copias de documentos que ya se han estractado en pag.s anteriores de este tomo' - a note, not a document, so not counted as an omission; flagged for the record."
ca13-d214,13,214,n174,https://archive.org/details/168036075_79_15_2/page/n174,WRONG,PARTIAL,PARTIAL,OK,OK,OK,OK,OK,OK,"Leaf n174 (IA 168036075_79_15_2), printed stamp 175. Entry: '+ 1817 = Marzo 31. = S.n Francisco. / Manuel Gomez al Gob. Sola = Mal estado de los Artilleros. / Se queja de la escacez y mal estado de los artilleros de ese Presidio, pues todos estan invalidos y achacosos, al estremo que ha habido dia que no ha tenido con que relevar la bateria. / ps. 745-47.' AUTHOR: catalogue records 'San Francisco' - that is the PLACE in the heading, not the author; the author is Manuel Gomez (named only inside the summary). Systematic in this stretch: the same field holds 'Guadalajara' in ca13-d212 and 'Tepic' in ca13-d213, both places from the same three-entry leaf. RECIPIENT: field blank although the leaf says 'al Gob. Sola'; graded PARTIAL because the summary does carry 'Gov. Sola'. PLACE: field blank and date_text ('1817-03-31') carries no place, though 'S.n Francisco' is on the leaf; PARTIAL because the datum sits (mislabelled) in the author field. DATE, ORIG 'ps. 745-47' = 'i.745-747', and stamp 175 confirmed. SUMMARY accurate including the verbatim quotation 'ha habido dia que no ha tenido con que relevar la bateria'. OMISSIONS: the leaf's other two entries (Palacio, 11 Jul 1817, ps. 736-38; Maria Antonia Pintado, 30 Jul 1817, ps. 739-40 y 744) are ca13-d212 and d213."
ca13-d272,13,272,n215–n216,https://archive.org/details/168036075_79_15_2/page/n215,WRONG,PARTIAL,PARTIAL,OK,OK,PARTIAL,OK,PARTIAL,OK,"Leaves n215-n216 (IA 168036075_79_15_2), printed stamps 216 and 217. Heading: '1817 = Noviembre 18 = Monterey. / Sola a Luis Arguello = Pide informes sobre los buques exped.s y la cuenta de sus d.os.' AUTHOR: catalogue 'Monterey' is the place, not the author; the author is Sola (same systematic place-in-author defect as ca13-d214). RECIPIENT blank though the leaf reads 'a Luis Arguello' (summary carries it) - PARTIAL. PLACE blank though the heading is 'Monterey' - PARTIAL. ORIG_PAGE: the document's own citation where it closes on n216 is 'p.a 883.' - a SINGLE page, verified at 3x crop; the catalogue's 'i.883-884' over-runs it by one page (884 is where the next document, ca13-d273, is placed). SUMMARY: the Marquinez passage is exact - 'He sabido por el R.do P. Fr. Marcelino Marquivez que ha despachado V. una expedicion a las Rancherias de esas inmediaciones, cuyo motivo y resultado me dira V.d en primera ocasion' - but 'the foreign ships maneuvering at SF' is not on the leaf, which says only 'no me haya V. escrito sobre los buques que permanecian en ese Puerto, si han salido ya o permanecen, como asi mismo el producto que hubiese resultado de los efectos vendidos como el de los frutos extraidos'; neither 'foreign' nor 'maneuvering' is supported. DATE and stamps 216/217 confirmed. OMISSIONS: the other item on n216 (1817 Mayo 5, 'Lista de efectos tomados a Tarasoff e indios rusos y entregados a Teduiskin') is ca13-d273."
ca14-d48,14,48,n58,https://archive.org/details/168036075_79_16_2/page/n58,OK,OK,WRONG,WRONG,OK,OK,WRONG,WRONG,WRONG,"Leaf n58 (IA 168036075_79_16_2), printed stamp 59 with pencil 59. Heading: '+ 1801 - Mzo 11 - Loreto. / Arrillaga al Virrey de Mex. / (4 Docs) - pp. 146-8 -'. DATE: the year is 1801, not the catalogued 1804 - confirmed twice on the leaf ('Feb.o 11 - 1801 - ejecucion de Rosas p.r brutalidad y quema del cadaver de la mula') and corroborated by the neighbouring entries on n59 ('1801 - Abril 9 - Loreto', '1801 - Abril 21 - Loreto'), the first of which the catalogue itself dates 1801. PLACE: 'Loreto' is in the heading; the record has no place anywhere (place: '', places: [], date_text has none). SAVAGE_PAGE: recorded as an em-dash although the leaf bears stamp 59 (printed) and 59 (pencil); the same volume's later records (ca14-d415, d497) do record the stamp, so this is not a volume convention. SUMMARY is wrong on three counts: (1) the leaf reads 'el trabajo de 20 anos de la tropa, indios y vecinos, en composturas, construcciones &c es inutil p.r la precipitacion y fragilidad con q.e se hicieron' - TWENTY years, not '10 years' (verified at 2x; the glyph matches the 2 of '22' elsewhere and is not the two-stroke 1 of 'Mzo 11'); (2) the leaf says the works of BOTH presidios must be begun again - 'q.e cree es necesario q.e obras de Mont. y S.n Diego se principien de nuevo y con mas solidez' - the catalogue names only Monterey; (3) the gunpowder clause belongs to a DIFFERENT entry and misstates the unit - the leaf's next entry reads 'Mzo. 12. (4 Docs) - pp. 148-9. / - Remite espediente sobre falta de 64 saquillos polvora, al entregar bateria de Mont. Cabo Jo[se M.a Osorio]' - 64 SAQUILLOS (small sacks), not arrobas, and under 12 March at pp. 148-9, not under this 11 March document at pp. 146-8. OMISSIONS: that 12 March entry (4 docs, pp. 148-9, running from the foot of n58 to the head of n59) has no catalogue record of its own - ca14-d49 is the 9 April entry at p. 149, confirmed by reading n59. ORIG 'pp. 146-8' and author/recipient ('Arrillaga al Virrey de Mex.') are correct."
ca14-d131,14,131,n159,https://archive.org/details/168036075_79_16_2/page/n159,WRONG,WRONG,NA,WRONG,OK,PARTIAL,WRONG,PARTIAL,OK,"Leaf n159 (IA 168036075_79_16_2), printed stamp 159 with pencil 159. Heading: '+ 1792 - Set.e 22 - (No dice el lugar). / Arrillaga al Com.te Gral. / (4 Docs) - pp. 374 - 6.' DATE: the catalogue records only '1793' (date_confidence: year); the leaf gives an exact date and a different year - 22 September 1792 (verified at 2x: the final digit of the year is the same glyph as the '22' of the day, and the internal event, the Concepcion's arrival at Monterey on 9 July under Eliza, is the 1792 voyage). AUTHOR blank though the leaf names 'Arrillaga'; RECIPIENT blank though the leaf names 'al Com.te Gral.' - neither appears anywhere in the record. PLACE correctly blank: the leaf states 'No dice el lugar'. ORIG_PAGE 'p.xxii.~374' is flagged as an interpolation and stops short; the leaf prints the range exactly: 'pp. 374 - 6'. SAVAGE_PAGE recorded as an em-dash although the leaf bears stamp 159 (printed and pencil). SUMMARY: the first of the four enclosed documents is rendered correctly - 'Da parte q.e el 9 Julio arribo a Mont. la Fragata ""Concepcion"", con situados de los Presidios y algunos artesanos, procedente de Nutca y al mando del Ten.te de Navio, Fran.co de Eliza' (though the situados are dropped) - but 'ships well-provisioned' misreads the second item, which is an ORDER that they be supplied: 'Sobre haber dado orden de q.e buques de la espedicion (no dice cuales) sean abundantem.te socorridos, como lo pide Com.te de Limites en Nutca'; items 3 and 4 ('Haber abierto los pliegos dirigidos a Romeu' and the 12 May order making companies liable for habilitados' shortfalls) are not represented at all. OMISSIONS: the leaf's only other text is the tail of the preceding entry ('Bernardo R.l a 8 anos de trabajo a racion y sin sueldo en la Canal de Sta Barbara'), covered by ca14-d130."
ca14-d415,14,415,n301,https://archive.org/details/168036075_79_16_2/page/n301,OK,OK,OK,OK,OK,OK,OK,OK,OK,"Leaf n301 (IA 168036075_79_16_2), printed stamp 299 with pencil 5 - exactly as catalogued ('299 [stamp] / 5 [hand]'). Under the leaf's '1786' year-head the entry reads: '+ Dic. 2 / Orden del Comand.te Gen. q.e incluye la instruccion formada por el Ex.mo Sor Conde de Galvez p.a el Gobierno del Sor Comand.te Gral en el mando de las Prov.as internas. / p 56.' Author designation ('Comandante General'), the absence of any addressee or place ('recipient not stated', 'not stated'), the date 1786-12-02, the page 'p. 56' and the quoted transcription all match the leaf; the gloss identifying the enclosure as the 1786 Instruccion of Bernardo de Galvez, Conde de Galvez, is historically correct. OMISSIONS: all four entries on the leaf are catalogued - Julio 12 1783 p 42 = d412, Ag.to 19 1783 p 43 = d413, Ab.l 20 1786 p 53 = d414, Dic. 2 1786 p 56 = d415."
ca14-d497,14,497,n223,https://archive.org/details/168036075_79_16_2/page/n223,PARTIAL,PARTIAL,OK,OK,OK,OK,OK,OK,OK,"Leaf n223 (IA 168036075_79_16_2), printed stamp 222 with pencil 222 - matches 'savage_page: 222 / 222.' Entry verbatim: '+ 1795 - Abril 3 - Mont. / Borica a Manuel de Carcaba. / Sobre pago de sus sueldos como Gob. / p. 569.' The record's transcription reproduces this exactly and the gloss is sound. AUTHOR: the field holds the whole heading string 'Borica to Manuel de Carcaba' - correct as to the writer but compounded with the addressee, so the field is not a clean author value. RECIPIENT: field empty although Carcaba is the addressee; graded PARTIAL because the datum is present in the author field and the summary. PLACE 'Monterey' = leaf 'Mont.'; DATE 1795-04-03 = 'Abril 3'; ORIG 'p. 569' exact. OMISSIONS: the rest of the leaf is accounted for - the tail above ('Que no hay quien maneje la Art.a del Fuerte... pp. 568-9') = ca14-d203, and the following entry 'A Jose de Miranda (1) / Abril 3 ... p. 570' with Savage's footnote = ca14-d498 (also ca14-d204)."
ca15-d187,15,187,n158,https://archive.org/details/168035972_79_17_2/page/n158,OK,NA,OK,OK,OK,OK,OK,WRONG,OK,"Leaf n158 (IA 168035972_79_17_2), printed stamp 155. Heading: '+ 1793 Oct. 20 Mont. / Gob.r Arrillaga - Ajuste de la Comp.a de Sta Barb.a / Por el ano de 1782.' Author (expanded to Jose Joaquin de Arrillaga, governor in 1793), place 'Mont.', date, closing citation 'pp 454 - 5' and stamp 155 all confirmed; no addressee is named on the leaf, so the blank recipient is legitimate. SUMMARY IS WRONG on the figures, in a record whose whole content is figures: (1) the leaf reads 'Aumentos y rebajas de sueldos por dias ... 501.2', not the catalogued '$521.2' - verified at 2x and confirmed arithmetically, since 550+400+525+450+10,657+540 = 13,122 and 13,122+501 = the leaf's own total 13,623, whereas 521 would not close; (2) 'Valor de dos facturas de generos &a' is 11,200.5.8 on the leaf, not '$1,200.58' - an order-of-magnitude error, and the check is exact: 13,195.7.10 1/2 minus 11,200.5.8 = 1,995.2.2, which is the very figure the catalogue relabels as a separate deduction 'agencias $1,995.2'; it is the remainder, not a rebaja; (3) the second deduction is not 'agency' but the Montepio - 'o p.a Montepio - 8 maravedises de cada peso de los $922.5 1/2 granos liquidos (despues de descontado invalidos) de $950 - del haber de 2 oficiales ... 27'. The items that are right: Ortega $550, Arguello $400, 2 sargentos $525, 2 cabos $450, 49 soldados $10,657, gratificacion $540, gross 13,623.6, invalidos 400.5 1/2, net 13,195.7, prior balance 2,353.7.4, final 4,349.1.7. OMISSIONS: the leaf carries this one document only."
ca15-d308,15,308,n222,https://archive.org/details/168035972_79_17_2/page/n222,OK,NA,OK,OK,OK,OK,OK,WRONG,OK,"Leaf n222 (IA 168035972_79_17_2), printed stamp 217. Entry: '+ 1787. Oct. 6. Mont. / Jose de Canizares, Comand.te de las frag.as ""S.n Carlos"" y ""Favorita."" / Embarque de pieles de nutrias / Es un conocimiento por pieles de nutrias recibidas a bordo p.a entregar a Francisco Hijosa, comisario en S.n Blas. / 97 pieles de la Comp.a del presidio de Monterey. / 62 id. pertenec.tes al Ten.te Josef F.co de Ortega. / 56 id. id. a la mision de S.n Carlos. / 52 id. id. a la id. de S.n Ant.o / 267 pieles.   pp 619 - 20'. Author (with his command of the two frigates), place 'Mont.', date 1787-10-06, orig 'pp 619 - 20' and stamp 217 all confirmed; no addressee is named (it is a conocimiento), so the blank recipient is legitimate. SUMMARY IS WRONG on the headline figure: the leaf totals '267 pieles', not 257, and the catalogue's own components prove it - 97+62+56+52 = 267. The total's middle digit was checked at 2x against the 6 of '62', '56' and '619' and the 5 of '52'; it is a 6. The error is repeated twice in the summary ('Shipment of 257 sea-otter skins' and '= 257'). Everything else in the abstract matches the leaf. OMISSIONS: the leaf's other two entries (1787 Dic. 31, existencia de efectos, $11,084, pp. 614-7; 1787 Dic. 31, armamento y pertrechos) are ca15-d307 and ca15-d309."
ca15-d488,15,488,n341,https://archive.org/details/168035972_79_17_2/page/n341,OK,NA,OK,OK,OK,OK,OK,PARTIAL,OK,"Leaf n341 (Savage stamp '335', top right), bottom entry, read verbatim: ""+1792 = Nov.re 29 = Loreto. / Arrillaga. / — / Trata de la muerte del Alf.z Habilitado J.e M.ª Estrada. / pp 104-5."" Author (Arrillaga), place (Loreto), date (29 Nov 1792), orig pp.104-5 and Savage stamp 335 all match; no recipient is named, so the blank field is correct. summary_fidelity PARTIAL: the abstract's parenthetical ""(natural causes)"" appears nowhere in THIS entry — Savage records only ""Trata de la muerte."" The datum comes from a different document, the certificate abstracted on the next leaf n342 (""Murió Estrada este día entre dos y tres de la mañana de muerte natural""), which the catalogue itself carries separately as ca15-d489. Omissions OK: the upper half of n341 is the tail of ca15-d487, ending ""pp 96-7"" (Bulas / Ganados de Real Hacienda), which is catalogued."
ca15-d491,15,491,n342,https://archive.org/details/168035972_79_17_2/page/n342,WRONG,NA,OK,OK,OK,OK,OK,WRONG,OK,"Leaf n342 (Savage stamp '336'), third and last entry, verbatim: ""+1791 = Abril 15 = México / José de Arvide / — / Importa la fact.ª p.ª el Pres.o de Monterey, incluidos los gastos hasta S. Blas. $ 8427. / pp 128-33."" AUTHOR WRONG: at 10x the underlined name is unambiguously ""Arvide"" (A-r-v-i-d-e, with a clear medial d-ascender and a terminal e), not ""Ávila"" — there is no l-ascender and the word does not end in a. SUMMARY WRONG on the sum: the leaf reads ""$ 8427"" (leading 8 formed exactly like the 8s in '128-33' and '16158' on the same leaf); the catalogue's ""$1,427"" is not supported — there is no 1 in the figure. Place (México), date (15 Apr 1791), orig pp.128-33 and stamp 336 are correct; no recipient named. Omissions OK: all three entries on n342 are catalogued (d489, d490, d491)."
ca16-d32,16,32,n20,https://archive.org/details/168035972_79_18_2/page/n20,OK,OK,OK,OK,OK,OK,OK,OK,OK,"Leaf n20 (Savage stamp '21'), third entry, verbatim: ""+1795 Feb. 14. S.n Diego / Ant.º Grajera – á Borica / Está enterado que no ha de admitir recluta de Los Angeles 'para no minorar su vecindario.' / p 357."" Every field checks: author (Ant.º = Antonio, legitimate expansion), recipient Borica, place San Diego, date 14 Feb 1795, orig p.357, Savage stamp 21, and the abstract is a faithful rendering including the quoted vecindario clause. Omissions OK: the leaf's other two entries are ca16-d30 (Bernal, 'Visita de efectos', 1794 Dic 31 Loreto) and ca16-d31 (Goycoechea, Sta Bárbara muster), both catalogued."
ca16-d50,16,50,n31,https://archive.org/details/168035972_79_18_2/page/n31,OK,NA,OK,OK,OK,PARTIAL,OK,PARTIAL,OK,"Leaf n31 (Savage stamp '32'), first entry, verbatim: ""+1795 Dic. 31. Loreto / Borica.   Dept.º de marina / (Seg.n informe de 1.º Feb. 1796) / 1 Carpintero, 1 Calafate, 1 Herrero = / 1 Patron, 2 arraez, 1 guardian, 23 marineros = / Total 27 hombres = alg.s veces hubo que emplear 3 ó 4 marineros mas. / pp 159 – 87. 414 – 31."" Roster in the abstract matches item for item. orig_page PARTIAL: the record carries only ""159–87""; the leaf cites a SECOND range on the same line, ""414 – 31"" (written over a struck-through figure — the correction is visible at 3x), which the catalogue drops. summary_fidelity PARTIAL: ""(sometimes 30 sailors needed)"" misrenders ""alg.s veces hubo que emplear 3 ó 4 marineros mas"" — three or four sailors ABOVE the 23, i.e. 26–27 sailors (30–31 men), not 30 sailors. Author 'Gov. Borica' is a legitimate identification of the leaf's bare ""Borica""; no recipient named; stamp 32 correct. Omissions OK: the leaf's second entry is ca16-d51 (Monterey compañía presidial, pp 189–236…)."
ca16-d78,16,78,n48,https://archive.org/details/168035972_79_18_2/page/n48,OK,OK,OK,OK,OK,OK,OK,PARTIAL,OK,"Leaf n48 (Savage stamp '49'), first entry: ""+1796. En.º 2. Méx. / Man.l Carcaba – á Gob.r Borica. Memorias p.ª presidios / Le adjunta 4 facturas de efectos de la tierra y de Europa que dirigió á S.n Blas para su remision á las Cal.s á los habilitados respectivos. / p.ª Monterey – á cta del situado de $19854 …. $20578 — queda el presidio debiendo 723 / p.ª S.n Fran.co – á cuenta del situado de $9366 …. $8875 — Queda en favor del presidio 491 / p.ª Sta Bárb.ª – á c.ta del situado $14594 …. 13261.4 — Queda á favor del presidio 1332.6 / p.ª S.n Diego – á c.ta del situado $14157.4 …. $10882 — Quedan á favor del Presidio 3275 / pp 509 – 55."" Author, recipient (á Gob.r Borica), place, date, orig pp.509-55 and stamp 49 all correct; Monterey, SF and San Diego figures all correct. summary_fidelity PARTIAL: the Santa Bárbara situado is ""$ 14594"" on the leaf (verified at 2x on the line ""p.ª Sta Bárb.ª – á c.ta del situado $14594 …… 13261.4""), not the ""$14,574"" recorded. Omissions OK: the leaf's second entry is ca16-d79 (Borica, 'Destacam.to de artillería', pp 566-8)."
ca16-d195,16,195,n117–118,https://archive.org/details/168035972_79_18_2/page/n117,OK,NA,OK,OK,OK,OK,OK,WRONG,OK,"Leaves n117 (stamp '118') and n118 (stamp '119'). Header verbatim: ""+1799 = Loreto / Arrillaga, J.é Perez Fernandez, Fr. Vicente Belda, Vicario Prov.l y Jor.o / Jun 26.  —  pp 630 – 3. / Donativos á S.M."" and the document closes on n118: ""Estos donativos se hicieron en diferentes f.has y estan firmados p.r diferentes. / pp 630 – 58. / Fin del Tomo."" So author ('Gov. Arrillaga et al.' — honest compression of three named signatories), place, date 26 Jun 1799, orig 630–58, stamps 118–119 and the two-leaf span are all correct. summary_fidelity WRONG on three transcribed figures plus one dropped line: (1) ""Mis.s de la Ant.a Cal. … 469"" — catalogue records $467 (the terminal 9 is the same looped, descending 9 as in '109' and '519' two lines away); (2) ""Comp.a Volunt.s … 257"" — catalogue records $357 (first digit is the flat-based 2, matching the 2 of '242'; at 10x it is not a 3); (3) ""Destac.o de Artill.ª … 59"" — catalogue records $51 (second digit is unmistakably the looped 9, not a 1; the 1s on this leaf, e.g. '175', '1853', are plain slanted strokes); and (4) the line ""Vecinos de Mis.n Todos Santos . 53"" is in the leaf's donor list but absent from the abstract. The other nine amounts (109, 24, 257, 545, 1853, 242, 175, 375, 519) and the ""signed on various dates"" gloss are correct. Omissions OK: n117's first entry is ca16-d194 (Sta Bárbara company 1799, pp 570-3); n118 carries only this document's tail."
ca17-d13,17,13,n17,https://archive.org/details/168035972_79_19_2/page/n17,OK,NA,OK,OK,OK,OK,OK,PARTIAL,OK,"Leaf n17 (Savage stamp '18'), middle entry, verbatim: ""+1809 Dic. 31. S.n Fran.co / Ygnacio Argüello, Habilit.o – Rentas Especiales / Producto líquido del tabaco este año (p. 399) … $1397. – / \"" \"" de Correos \"" \"" (pp 406-7) 43. – / \"" \"" de diezmos \"" \"" (p 408) 69. – / \"" \"" de bulas \"" (p 374) …. 145. – / pp 374. 399. 406 – 8."" Author (Ygnacio = Ignacio, with rank Habilitado retained), place, date, orig pages (374, 399, 406–8) and stamp 18 all match; no recipient named. summary_fidelity PARTIAL: the diezmos figure on the leaf is ""69"" (6 then the looped 9, verified at 3x), not the ""$19"" catalogued; tabaco $1,397, correos $43 and bulas $145 are correct. Omissions OK: the leaf's top fragment is the tail of ca17-d12 (""Total de la data … pp 373-6"") and its third entry is ca17-d14 (Alférez Roca, Comp.ª de Milicias, 1809 Ag.to 25 La Soledad)."
ca17-d187,17,187,n143,https://archive.org/details/168035972_79_19_2/page/n143,PARTIAL,NA,OK,OK,OK,PARTIAL,OK,PARTIAL,OK,"Leaf n143 (Savage stamp '144'), second entry, verbatim: ""+1815 = 8bre 31 = S. Diego. / Ygnacio Martinez / — / Cta de la estafeta en todo el año / Cargo  516 reales. / Data, prod.o líquido 253.  \"" / pp 577-8."" Place, date (8bre 31 = 31 Oct 1815) and stamp 144 correct; no recipient named. author PARTIAL: the leaf gives the full ""Ygnacio Martinez"" (the sibling record ca17-d186 on the same leaf has 'Ignacio Martínez'); this record carries only the surname ""Martínez"". orig_page PARTIAL: the orig_page FIELD is empty although the leaf cites ""pp 577-8""; the value survives only inside the summary text (""Orig. pp.577–8""), so the structured field is unpopulated, not legitimately blank. summary_fidelity PARTIAL: cargo 516 r. is right (first digit is this hand's 5, identical to the 5 in '1085' and 'pp 562-3' on the same leaf), but the net is ""253"", not the ""353"" recorded — at 12x the first digit is the loop-and-baseline 2 of '286' three lines above, and it is visibly unlike the true 3 that ends the same figure. Omissions OK: n143's other entries are ca17-d186 (cattle account) and ca17-d188 (Solá borradores, p 582)."
ca18-d171,18,171,n200,https://archive.org/details/168035973_79_20/page/n200,OK,NA,OK,OK,OK,OK,PARTIAL,OK,OK,"Leaf n200 (Savage stamp '200' top right, quire mark '4'), second entry, verbatim: ""+1826 = Abril 12 = S. Diego. / Juan José Rocha, Sub.te y Juez Fiscal. / — / Sumaria contra el soldado Andres Verdugo por haber abandonado el puesto q.e tenía p.ª cuidar de la caballada. Escribano, Artillero Aniceto M. Zabaleta. / El fiscal opina q.e se le dé libertad, siendo suficiente castigo la prisión q.e ha tenido. / pp 534-48."" Author with rank (Subtte, fiscal), place, date and the abstract (including 'fiscal: release') are faithful. orig_page OK on the page component — the leaf cites ""pp 534-48"", matching 'LVIII.534–48'; the tomo number LVIII is not stated on this leaf and so is unverified here, not contradicted. savage_page PARTIAL: the field is empty, but the leaf carries a printed Savage stamp ""200"" that ought to be recorded. Omissions OK: the leaf's first entry is ca18-d170 (Argüello, Castro v. Ortega, pp 519-33)."
ca18-d249,18,249,n258,https://archive.org/details/168035973_79_20/page/n258,PARTIAL,NA,OK,OK,OK,OK,PARTIAL,PARTIAL,OK,"Leaf n258 (Savage stamp '257'), second entry, verbatim: ""+1827 Dic. 13 Mont. / José Estrada, Administ.r — Derechos marítimos / Adeudados en este puerto por los bergantines rusos Baycal, Ojotscat, y Golobin, y satisfechos por el sobrecargo Cirilo Klebnicoff. / 203 toneladas del Baycal á 2½$ … $507.4 / 140 @ del Ojotscat … 350.— / 140 @ del Golobin … 350.— / Derechos de importacion sobre $1302.5 valor de efectos á 25% … 325.5 / 2½% de averia sobre $1302 … 32.4.5 / $1565.3.5 / Derechos sobre efectos del Golobin valor de lo importado $1374.5 = 27½% … $378.— / pp 140 – 2."" Place, date, orig pp.140-2 (tomo LXII not stated on the leaf, so unverified there, not contradicted), the three tonnages and every duty figure are correct. author PARTIAL: the leaf's ""José Estrada, Administ.r"" loses its office in the record. savage_page PARTIAL: field empty although the leaf is stamped ""257"". summary_fidelity PARTIAL: the supercargo is ""Cirilo Klebnicoff"" on the leaf (Kirill Khlebnikov) — the record's ""Carlos Khlebnikov"" contradicts it; and the second brig is written ""Ojotscat"" (Okhotsk), not the record's ""Ofetcat[?]"", though that one is at least flagged as uncertain. 'Baikal' and 'Golovin' are acceptable normalisations of Baycal/Golobin. Omissions OK: the upper part of n258 is the tail of ca18-d248 (Franklin price list, ""pp 137 – 8"")."
ca19-d133,19,133,n149,https://archive.org/details/168035972_80_1_2/page/n149,OK,NA,OK,OK,OK,OK,OK,OK,OK,"Leaf read: 168035972_80_1_2 n149 (printed stamp ""146""). Entry 2 reads verbatim: ""+1830 = May 1º = Mont. / R del Pliego / Se componía esta compª de 42 hombres. Seguía agregado el Alfz M G Vallejo. / pp 701-2 (sic)"". Author on the leaf is the initial only (""R del Pliego""); expansion to Rodrigo is a standard abbreviation expansion and is not contradicted. No addressee anywhere in the entry, so the empty recipient is correct. Omissions: the headerless line at the top of n149, ""Santiago Cárdenas (aprehendido) paisano. / pp 694-5 (sic)"", is the tail of the Zamorano list of Solís defectors begun on n147 (identical ""Name (aprehendido) rank"" format as ""Diego Feliz (aprehendido) Cabª de Mont."" / ""Jé Cordero, paisano""), which IS catalogued as ca19-d131 — so no uncatalogued document sits on this leaf. (Incidental finding outside this record: d131's scan is recorded as n147 only, understating its span, and its orig_page 33–37 is the cross-reference ""Véase el tomo 76 (manuscº) pp 23-7"", not the document's own cite.) The third entry on n149 (""1830 = May 22 = Mont. / Pliego  Circular á los cabos de las escoltas desde la Soledad hasta Sn Luis Ob. ... pp 730-1 (sic)"") is ca19-d134."
ca19-d209,19,209,n379,https://archive.org/details/168035972_80_1_2/page/n379,OK,NA,OK,OK,OK,PARTIAL,OK,PARTIAL,OK,"Leaf read: 168035972_80_1_2 n379 (stamp ""374""). Heading verbatim: ""+1833 Mzo 3 Sta Bárbª / Juan M. Ibarra, Comandte —  Compª de Mazatlan"" (name exact; only the role label ""Comandte"" is dropped, which does not affect identification). No addressee — it is a strength return — so the empty recipient is correct. orig_page PARTIAL: the leaf foots the entry ""pp 537- 9. 546 - 58."" (verified at 2x magnification) — two discontinuous ranges, 537–539 and 546–558; the recorded ""537–558"" collapses them into one span and sweeps in pp.540–545, which the leaf does not cite. summary_fidelity PARTIAL: leaf reads ""Tente Ibarra, 1 Sargt. 1º, 2 Cabos 2º — 15 Solds } 19 hombres. En Febº lo mismo. Haberes ... en cada mes $320. De la Compª habia 5 Solds en Monterey, que devengaban mensualmte $87½."" The abstract omits the five soldiers of the company detached at Monterey at $87½/month, and hedges an exact figure as ""~$320"". Omissions OK: n379's three entries are d208 (Vallejo, pp 534-6), d209, d210 (Navarrete)."
ca20-d51,20,51,n67,https://archive.org/details/168035972_80_2_2/page/n67,OK,WRONG,PARTIAL,OK,OK,OK,OK,PARTIAL,OK,"Leaf read: 168035972_80_2_2 n67 (stamp ""68""). Heading verbatim (read at full resolution): ""+ 1833 = Mzo 7 = S. Diego. / Santiago Argüello á Fr. Antº Ansar Mtro de S. Luis Rey (S. Diego)  Copias."" recipient WRONG: the addressee is the Franciscan minister of San Luis Rey, Fr. Antonio Ansar/Anzar — a single named friar — not ""San Luis Rey alcaldes"". place PARTIAL: the dedicated field is empty although the leaf heads the entry ""S. Diego""; the datum is carried only parenthetically inside the author field. date OK: the day glyph is the long-tailed continental 7, visibly distinct from the closed-bowl 9 in the following entry's ""Mzo 9"" and in the foot ""pp 88-9."" (compared side by side at 8x). orig_page OK: foot reads ""pp 88-9."" summary_fidelity PARTIAL: leaf reads ""Son dos cartas; en una pide algunos víveres pª la guarnicn interinamte llega la gente qe espera pª hacer el pedido en regla, y en la otra, le pide contestacn á la antr pª dar parte al Comte Gral."" — ""provisions for the garrison [copies]"" covers only the first of the two letters. Omissions OK: n67's two entries are d51 and d52."
ca20-d458,20,458,n450,https://archive.org/details/168035972_80_2_2/page/n450,OK,OK,OK,OK,OK,OK,OK,OK,OK,"Leaf read: 168035972_80_2_2 n450 (dual stamps ""451"" and ""48"", matching the recorded 451/48). Heading verbatim: ""+1787 = Obre 13 = S. Diego / Jé de Zúñiga — al Tent Coronel Pedro Fáges."" (the leaf's abbreviation is ""Jé""; the catalogue's ""J.º"" is an equivalent abbreviation of José — same person, no substantive difference). Body checked word by word against the recorded quote: ""Le comunica qe mataron al Soldº licenciado Agustin Leiva qe había salido, con permiso, á recoger su ganado, en el mismo punto donde mataron al desertor Hermenegº; tiene preso á uno de los matadrs = Despachó al río de Sta Ana al cabo Macario en busca de cimarrones de Sn Juan, y trajó 18 hombs, 12 mugrs y 8 muchachos; los primrs estan trabajando en el Presº y los otros agregados á su Misn"", foot ""pp 114 - 116."" The ""8"" before muchachos was inspected at 10x (slanted two-loop numeral, bottom loop on the baseline) and supports the recorded 8 and the derived total of 38. Omissions OK: n450's other entry (""1787 = Enº 20 = Sn Diego / Zúñiga á Fáges = Sobre disposicns testamentarias del Alfz Jé Velasquez"") is ca20-d459."
ca20-d547,20,547,n506,https://archive.org/details/168035972_80_2_2/page/n506,OK,OK,OK,OK,OK,OK,OK,OK,OK,"Leaf read: 168035972_80_2_2 n506 (dual stamps ""507"" and ""29"", matching 507/29). Entry verbatim: ""+1840. Junio 26  Los Angeles / Santiago Argüello, Prefecto del 2º Distrito - al Secretº del Deptº. Mont. - Anuncia toma de posesion. / Cumpliendo con la órden del Exmo Sor Gobor de 30 de Mayo, despues de prestar el juramto, se hizo cargo de la Prefectura, con toda la solemnidad posible, á presencia de las personas de mas representn del pueblo y de una parte del vecindo. / pp 358-9"". Every recorded field, including the quoted abstract, matches the leaf. Omissions OK: the other content on n506 is the tail of the Gutierrez letter (ca20-d545, pp 273-6) and the 2 Feb 1836 Portilla return ""Total de oficiales y tropa. 32 hombres. pp 277-8"" (ca20-d546)."
ca20-d623,20,623,n540,https://archive.org/details/168035972_80_2_2/page/n540,OK,PARTIAL,OK,OK,OK,OK,OK,OK,OK,"Leaf read: 168035972_80_2_2 n540 (dual stamps ""541"" and ""63"", matching 541/63). Entry verbatim: ""+1827  Julio 11. Mont. / José Ma. Herrera, Admor Sub-principal de correos. — / Nombra á Joaqn Estudillo, Admor de correos de San Franco / pp 998-9"". recipient PARTIAL: the leaf gives no addressee for this entry — Estudillo is the appointee named in the body, not a stated recipient. That Savage records addressees when they exist is shown by the entry directly above on the same leaf, ""Admor Gen. de Correos Beltran — al Admor principal - Monterey"". The inference is substantively defensible (a nombramiento issued to Estudillo) but is not what the leaf states. All other fields match exactly. Omissions OK: n540's three entries are d622 (p 931), d623, d624 (p 1027)."
ca21-d156,21,156,n82,https://archive.org/details/168036074_80_3_2/page/n82,OK,NA,OK,OK,OK,WRONG,OK,OK,PARTIAL,"Leaves read: 168036074_80_3_2 n82 (printed stamp ""83"", ms ""82"") plus n81 for the governing header. n81 carries ""+1797 = S. Francisco / José Argüello (Sin direccion)"", which governs the dated sub-entries, so author, place and the empty recipient are all confirmed — the leaf literally says ""(Sin direccion)"". orig_page WRONG: on n82 the ""Julio 14"" entry is footed in the right margin ""p. 592-593 y 718 (por mala encuadernacion)"" (read at 3x). The recorded ""594–716"" is neither: 594–726 is the cite of the separate bracketed note lower on the same leaf, and even that is misread (the leaf plainly shows ""p. 594-726 (Doº = 13)"", not 716). summary_fidelity OK: leaf reads ""Que manda las cuentas de Raymundo Carrillo de Cargo y data por las cuales faltan $645, 2r 9gr que junto con $1301, 2r 9gr que tuvo dicho Raymundo de quiebra en fin de diciembre ppº, forma un descubierto de $1946, 5r. 7 gs."" omissions PARTIAL: the bracketed item ""(Cuentas de R. Carillo mencionadas en las 2 cartas que preceden) } — p. 594-726 (Doº = 13)"" carries its own content description, page range and document number but has no catalogue record of its own; the surrounding rows are d155 (590-591), d156, d157 (727-736), d158 (737-738). Its page cite was instead absorbed, garbled, into d156's orig_page."
ca21-d301,21,301,n150,https://archive.org/details/168036074_80_3_2/page/n150,OK,NA,OK,WRONG,OK,OK,OK,OK,OK,"Leaf read: 168036074_80_3_2 n150 (printed stamp ""151""). Heading verbatim, enlarged 3x for the year: ""+ 1820 = Marzo 4 = Aguascalientes. / Jacinto Lopez y Pimentel."" date WRONG: the leaf reads 1820, not 1830 — the third digit is an unmistakable 2 with a flat foot. Context corroborates: the preceding entry on the same leaf is ""1820 = Febrero 18 = Guadalajara"" and the following is ""1822 = Febrero 5 = San Francisco"", a chronological run that 1830 would break. (ca21-d300 carries the same 1830-for-1820 error.) Body verbatim: ""Factura de generos, certificada por el Habilitado Grâl. de California, sumando la cantidad de $5,617 = 2 rs"", foot ""pp = 384 = 85"" — matches the recorded II·384–385 and the abstract. No addressee on the leaf. Omissions OK: n150's three entries are d300, d301, d302."
ca22-d63,22,63,n48–n49,https://archive.org/details/168036074_80_4_2/page/n48,OK,OK,WRONG,OK,OK,WRONG,OK,PARTIAL,OK,"Leaves read: 168036074_80_4_2 n48 (stamp ""48"") and n49 (stamp ""49""). Heading verbatim: ""+ 1776 - Junio 20 - Loreto. / (Neve al Virey). Sobre el carácter de Indios y terrenos en el Colorado."" place WRONG: the field is empty although the leaf heads the entry ""Loreto"" and the record carries the place nowhere else. (This is systematic rather than isolated: 377 of ca22's 385 rows have an empty place.) orig_page WRONG: the document's own foot, on n49, reads ""p. 72."" — a single page, verified at 3x. ""70–72"" is the foot of the PRECEDING entry, ""+1776 - Junio 21 - Loreto ... pp. 70 - 72"" (= ca22-d62), duplicated onto this row; the following entry is footed ""p. 72 - 73"" (= d64). summary_fidelity PARTIAL: otherwise faithful — ""la docilidad y deseos de los Indios de las diversas naciones que habitan sus márgenes"", ""propias para toda clase de siembras, y especialmente pª cría de ganados"", ""expuestos á grandes avenidas, no faltan algunas mesas apropósito para situarse"", ""habiendo sido aquella parte demarcada pª los PP., hará todo lo posible pª el adelantamiento de esta conquista"" — but the leaf calls Anza ""el Tente Corl Juan Bautista de Anza"" (Teniente Coronel) and the abstract demotes him to ""Lt."" Omissions OK: n48–n49 carry three entries, all catalogued (d62, d63, d64)."
ca22-d2036,22,2036,n325–n326,https://archive.org/details/168036074_80_4_2/page/n325,OK,WRONG,WRONG,PARTIAL,OK,PARTIAL,PARTIAL,PARTIAL,WRONG,"Leaves read: 168036074_80_4_2 n325 (stamp ""324"") and n326 (stamp ""325""). recipient WRONG: the leaf reads ""+1785 Mayo 2 S. Gabl / Fages á Pedro Garrido"" (verified at 3x) — Pedro Garrido, not ""Pedro Parrilla""; the leaf's ""Murgártegui"" normalised to Mugártegui is fine. The third entry on n325, ""1785 Feb. 22 Monterey / Fages á José Zúñiga  Carta sin interes  p. 411-2"", is unlisted although its p.411 is the start of the recorded orig range. place WRONG: field empty; the three entries are headed ""Monterey"", ""San Diego"" and ""S. Gabl"", and the author gloss ""(SD/Monterey)"" omits San Gabriel, where the starred letter was written. date PARTIAL: year only, where the leaf dates the entries 1785 Feb. 22, 1785 Abl 22 and 1785 Mayo 2. orig_page PARTIAL: the Garrido letter's own foot, at the top of n326, reads ""p. 413 y 417-9""; the recorded II:411–413 omits 417–419. savage_page PARTIAL: n325 is stamped 324 and n326 is stamped 325, so the true range is 324–325; ""326"" is the stamp of n327, which lies outside this record's own scan span. summary_fidelity PARTIAL: ""Pide los Inventarios y Padrones de estas Misiones"" and the road reconnaissance are faithful, but the leaf reads ""el desemboque del Colorado que habitan los Cucupas, Cajuenes y Gualisamayas"" — the catalogue substitutes ""Jalchedunes"" for Gualisamayas. omissions WRONG: five further abstracted letters on n326 have no catalogue record anywhere in ca22 — ""1785 Jun. 1º Monterey / Fages á Pedro Aristegui / Original ... p. 414-6""; ""1785 Mayo 3 S. Gabl / Fages á su esposa Eulalia Callis  Carta sin interes  p. 419-420""; ""1784 Agtº 1º Monterey / Fages á Manl Ramon de Goya  Asuntos de dinero  p. 421-2""; ""+1785 Mayo 2 S. Gabl / Fages á Fr. Matias ... p. 423-4""; ""1785 Jun. 1º Monterey / Sigue el Poder de Fages á Aristegui por el cobro de sus pagas.  p. 426-7"". The next record, ca22-d2037, begins at n327 / orig II:431, so orig pp.414–427 are uncovered."
ca23-d110,23,110,n60,https://archive.org/details/168036074_80_5_2/page/n60,OK,OK,OK,OK,OK,OK,OK,PARTIAL,OK,"Leaf n60 (168036074_80_5_2) header: ""+ 1785 - Dic.e 7 - Mont. / Fages á P.e Cambon. Dificultades con P. Palou."" — author, recipient, place, date all confirmed. Top-right of n60 carries stamped (continuous Savage volume) page 61 + handwritten per-tomo leaf 60; recorded savage_page 61 = the stamped continuous number, correct per the project's own rule (ca-reading-checklist.md l.153). orig_page confirmed at the foot of n63: ""pp. 103-8"". SUMMARY PARTIAL — narrative substance is right but several quotations misread: (1) n60 reads ""lo encontró con un semblante sério y casi ceñudo"", NOT the catalogue's ""con un semblante tibio y casi fétido""; (2) n60 reads ""mandó tirar dos cañonazos al apearse y le acompañó al Portezuelo"" — ""Portezuelo"" is a place/little pass, not the catalogue's ""accompanied him in the little boat""; (3) n60 reads ""el exorto q.e mando al P. Pieras (Payeras?)"", catalogue has ""(Fageras?)""; (4) n61 reads ""q.e le atrajo la nota vulgar de Frailero; q.e ellos han correspondido mal á este cariño y p.r friolera le faltan á lo q.e le deben"" — catalogue has ""le atajó"" and ""pr frilera"", and glosses friolera (a trifle) as ""friar-partisanship""; (5) n62 reads ""es tan otro mi intento q.e poniendo los piés de todas V.s R.s en mi cabeza (sic)"" — catalogue has ""están otro mi intento"" and ""de todas Pᵈᵉˢ""; (6) the opening is inverted: n60 says ""p.r graves ocupaciones no pudo salir á recibir al P. Palou, p.r q.e al saber q.e venia envió dos soldados de vigias al Toro, q.e no le dieron aviso con t[iem]po"". Closing on n63 (""mi propia conciencia me justificará"") matches. No uncatalogued document on n60."
ca23-d239,23,239,n119,https://archive.org/details/168036074_80_5_2/page/n119,OK,PARTIAL,OK,OK,OK,OK,WRONG,OK,OK,"Leaf n119 (168036074_80_5_2) header: ""+ 1783 - Julio 3 - Loreto. / Fages á Fran.co Trillo Bermudes. Envio de un buque."" RECIPIENT PARTIAL — catalogue records ""Franco Trillo"", dropping the second surname ""Bermudes"" written on the leaf. SAVAGE_PAGE WRONG — n119's top right bears stamped 120 (the continuously running Savage volume page) and handwritten 118 (the per-tomo leaf number); the catalogue records ""118/119"", i.e. the per-tomo handwritten number of this leaf plus the next leaf's, not the Savage volume page. Under the catalogue's own dominant convention in this volume (61 at n60, 184 at n185, 234 at n235, 411 at n419, 414 at n422 — all stamped) ""118"" resolves to leaf n117. orig_page confirmed: abstract ends ""pp. 233-4"". Summary is faithful to ""Solicita la remision de un buque, p.a la conducción de granos de la Costa de Sonora, p.r no haberse recibido las remesas de México, ni de aquel Departam.to (debe ser S.n Blas); p.r no haber lanchas propias p.a la conducción, sino la 'S.ta Lucia'..."" — only embellishment is the rank ""Cap."" for Cañete, who the leaf calls ""D.n Joaquin Cañete"". Leaf also holds the tail of d238 (""pp. 222-3"") and the head of d240 (Fages al Virrey); both are catalogued."
ca23-d442,23,442,n185,https://archive.org/details/168036074_80_5_2/page/n185,OK,OK,OK,OK,OK,OK,OK,OK,PARTIAL,"Leaf n185 (168036074_80_5_2) header: ""+ 1783 - (S.n Fern.do / Fages á Com.te Gral."" The target entry reads ""„ „  (3 Doc).   pp. 395.6-"", dittoing the date from the preceding ""„ 3"" line, so 1783-11-03 is correct, orig_page p.395-6 is correct, and the summary (""'(3 Doc)' — no abstracts given by Savage"") is exactly what the leaf shows. savage_page 184 = the stamped continuous number at top right (handwritten per-tomo number is 182). OMISSIONS PARTIAL — the leaf's six list entries are: ""Nov.e 2 - (3 Docs) -   p. 393-""; ""„ „ - Que no hay ningun Curato en la Península... pp. 393-4-""; ""„ „ - (1 Doc.)  p. 394.""; ""„ 3 - Haber recibido copia certificada de Cédula 15 Feb.o... pp. 394-5.""; ""„ „ (3 Doc). pp. 395.6-""; ""„ „ Haber publicado Bando... p 397-"". Only five rows exist (d439–d443). The first entry, the three unabstracted documents of Nov 2 at p. 393, has no row of its own — it is only mentioned inside d439's summary — even though the identical construct ""(3 Doc)"" at pp.395-6 was given its own row (d442)."
ca23-d575,23,575,n235,https://archive.org/details/168036074_80_5_2/page/n235,OK,OK,OK,OK,OK,OK,OK,OK,OK,"Leaf n235 (168036074_80_5_2): ""1783 - Abril 27 - S.n Ign.o / Fages á P.e Hidalgo. / Avisa q.e Com.te Gral. en órden 28 Nov.e 82, le previene proceda al cobro de $1332 - 6 r.s 1 g.o q.e adeudan á R.l H.da. Misiones de S.n José del Cabo y Santiago.   pp. 532-3-"". Every field matches verbatim, including the quoted summary. savage_page 234 = the stamped continuous number at top right (handwritten per-tomo number is 232). The leaf carries three documents (Fages á P.e Juan Crisóstomo Gomez pp.531-2; this one; Fages á Nicolas Soler p.533) and all three are catalogued as d574/d575/d576."
ca23-d1181,23,1181,n419,https://archive.org/details/168036074_80_5_2/page/n419,OK,PARTIAL,PARTIAL,OK,OK,PARTIAL,OK,OK,OK,"Leaf n419 (168036074_80_5_2). The target entry sits under the leaf's THIRD block header, which reads ""+ 1795 = Mont. / Gob.r á Com.tes de Presidios"", and the entry itself is ""Agosto 6   Señales de buques de guerra.   p 270."" AUTHOR: the leaf says only ""Gob.r""; Borica is an editorial identification but a correct one (governor of Alta California from 1794), so OK. RECIPIENT PARTIAL — the leaf's header for this block has no numeral: ""Com.tes de Presidios"", whereas the catalogue records ""Comdtes de los 5 Presidios"" (the cataloguer does track the numeral elsewhere, recording ""4 Presidios"" for d1180). PLACE PARTIAL — field is blank although the block is headed ""Mont.""; the leaf does offer the datum, so this is not NA. ORIG_PAGE PARTIAL — the entry itself is cited ""p 270""; the recorded ""p.268-270"" is a block range copied across d1177–d1181. savage_page 411 = the stamped continuous number (handwritten per-tomo number is 135). Summary matches the leaf exactly. All five list entries on the leaf (Julio 13 p.268; Julio 21 gastos superfluos; Julio 19 donativo p.269; Julio 29 extracto de revista p.270; Agosto 6 p.270) are covered by d1177–d1181, so no uncatalogued document."
ca23-d1191,23,1191,n422,https://archive.org/details/168036074_80_5_2/page/n422,OK,OK,PARTIAL,OK,OK,PARTIAL,OK,OK,OK,"Leaf n422 (168036074_80_5_2), first block: ""+ 1795 = (Mont.) / Gob.r á Com.tes de los 5 Presidios."" followed by ""Octubre 17 -  Procedimiento en las causas.   p. 277."" Recipient matches the leaf exactly; author ""Gob.r"" = Borica (correct identification). PLACE PARTIAL — field blank although the block is headed ""(Mont.)"". ORIG_PAGE PARTIAL — the entry is cited ""p. 277""; the recorded ""p.277-278"" is a block range shared with d1192–d1194. savage_page 414 = the stamped continuous number (handwritten per-tomo number is 138). Summary ""Procedimiento en las causas."" is verbatim. The leaf's four entries all have rows (d1191–d1194), so no omission (note in passing that d1193's recorded 1795-10-26 does not match its block header ""Oct.re 24"", but that is a different record)."
ca23-d1256,23,1256,n440,https://archive.org/details/168036074_80_5_2/page/n440,OK,OK,OK,OK,OK,OK,WRONG,PARTIAL,OK,"Leaf n440 (168036074_80_5_2): ""+ 1797 = Mont. / Gob.r á Com.tes de Presidios y de Frontera"", then ""Marzo 22. el p.dre Lasuen es nomb.do presid.e  p. 332."" and ""„  27.   p. 332-3 / Medidas precautorias contra los ingleses. Al primer cañonazo corran los auxilios. Retirar el ganado de la Costa. Vigilancia en esta."" Author, recipient, place, date (Marzo 27 by ditto) and orig_page p.332-3 all confirmed. SAVAGE_PAGE WRONG — the top right of n440 reads stamped 432 (the continuously running Savage volume page) with handwritten 156 beneath it (the per-tomo leaf number, which restarted at the start of tomo IV: n419 = 135, n440 = 156). The catalogue records 156, i.e. the per-tomo leaf number in the savage_page field; the Savage volume page is 432. SUMMARY PARTIAL — the quoted title misreads one word: the leaf has ""Al primer cañonazo corran los auxilios"", the catalogue quotes ""cerca los auxilios"" (its own English gloss, ""aid to converge"", actually renders ""corran"" correctly). Leaf also carries the tail of d1254 (the numbered list of 29 posts ending ""29 Loreto"") and d1255; both catalogued."
ca23-d1274,23,1274,n443,https://archive.org/details/168036074_80_5_2/page/n443,OK,PARTIAL,OK,WRONG,OK,OK,WRONG,OK,OK,"Leaf n443 (168036074_80_5_2), first block: ""+ 1797 = Mont. / Gob.r á Com.tes de los 5 Presidios."" then three entries: ""S.tbre 18.  Que informen del adeudo de Soler   p. 349."" / ""„   22.   Remision de estado    p. 349."" / ""„   28.   'Llegará la nao de China'   p. 349."" DATE WRONG — the month written on the leaf is ""S.tbre"" (septiembre), dittoed down to the 22nd entry, so this is 22 September 1797, not the recorded 1797-08-22. (The same misreading runs through d1273 and d1275; the following block on the same leaf is correctly headed ""Oct.re 15"", so the sequence 18/22/28 Sept → 15 Oct is chronological.) RECIPIENT PARTIAL — this block is addressed only to ""Com.tes de los 5 Presidios""; the catalogue's compound ""Comdtes 5 Presidios / Comdte de N. Califa"" imports the addressee of the NEXT block (""Gob.r á Com.tes de N. Califa"", the 15 Oct inválidos order = d1276). SAVAGE_PAGE WRONG — top right reads stamped 435 (Savage volume page) with handwritten 159 (per-tomo leaf number); the catalogue records 159. orig_page p.349 and the summary ""Remision de estado"" are exact; place ""Mont."" confirmed. All four items on the leaf are catalogued (d1273–d1276)."
ca23-d1537,23,1537,n522,https://archive.org/details/168036074_80_5_2/page/n522,OK,OK,OK,OK,OK,OK,WRONG,PARTIAL,OK,"Leaf n522 (168036074_80_5_2), third block: ""+ 1795. = Nov.bre 8 = Mont. / Gob.r á H. de Sal. / Reconocimiento de terrenos.   p. 559-60."" Author (""Gob.r"" = Borica, correct identification), recipient, place, date and orig_page all confirmed. SAVAGE_PAGE WRONG — top right reads stamped 513 (the continuously running Savage volume page) with handwritten 237 below (per-tomo leaf number); the catalogue records 237. SUMMARY PARTIAL — the catalogue quotes ""'Reconocimiento de tierras'"" but the leaf reads ""Reconocimiento de terrenos""; the sense (survey of lands) is unaffected, but the quoted words are not Savage's. The other two blocks on the leaf (Gob.r á Hermeneg.do de Sal, p.558; Gob.r á R. Carrillo, p.559) are catalogued as d1535 and d1536."
ca24-d37,24,37,n17–n18,https://archive.org/details/168036074_80_6_2/page/n17,OK,OK,OK,OK,OK,PARTIAL,OK,WRONG,OK,"Leaves n17–n18 (168036074_80_6_2). n17 third block: ""+ 1796 Julio 19 Monterey / José Garcia al (Gobernador de Califª) / Sobre el arribo del Bergantin Activo"" — author, recipient (Borica, a correct identification of the leaf's ""(Gobernador de Califª)""), place and date all confirmed; the document does run onto n18, so scan_pin is right. savage_page ""18–19"" = the stamped continuous numbers on n17 (18) and n18 (19); handwritten per-tomo numbers are 17 and 18. SUMMARY WRONG — the abstract concludes at the top of n18: ""Dice que está enterado del Cargam.to que condujo d.ho Buque, de provisiones para el presidio de Loreto [n18] y misiones anexas, resultando ser su valor el de $ 1853. 7 r.s"". The catalogue records the value as ""$3,363 1r 8""; the leaf reads $1,853 7 reales (verified at native scale=1 resolution; the final 3 is inked over a correction, but the leading digits are unambiguously 1-8-5). The money figure is the entire substance of this one-line abstract. ORIG_PAGE PARTIAL — the abstract is footed ""pp 18-9"" (original tomo pp. 18–19); the catalogue records only ""p.19"". No uncatalogued document: n17 carries d035, d036 and this record; n18 carries its tail plus d038 and d039."
ca24-d155,24,155,n78,https://archive.org/details/168036074_80_6_2/page/n78,OK,OK,OK,OK,OK,OK,OK,PARTIAL,OK,"Leaf read: 168036074_80_6_2 n78 (third entry). Heading verbatim: ""1796_ En.o 12 Mont / Borica á José Perez""; body: ""Le ordena reciba interinamente la habilitacion de Monterey, del Tent.te de la Comp.a de S.n Fran.co Joseph Arguello""; footed ""p 88.""; top-right stamp ""79"" (pencil ""77""). Author/recipient/place/date/orig_page/savage_page all confirmed at the leaf. SUMMARY PARTIAL: the teniente is written ""Joseph Arguello"", not the catalogue's ""Joseph Ceguella[?]"" (verified at 6x crop; the A-r-g-u-e-l-l-o letterforms are unambiguous). Omissions OK: the leaf's other two entries (Enero 5 to Raimundo Carrillo, pp 85-6; Enero 5-10 to the Com.te de Escolta Sta Cruz, pp 87-8) are catalogued as ca24-d153 and ca24-d154."
ca24-d194,24,194,n107,https://archive.org/details/168036074_80_6_2/page/n107,OK,OK,OK,OK,OK,OK,OK,PARTIAL,OK,"Leaf read: 168036074_80_6_2 n107 (first entry). Heading verbatim: ""1797 Mayo 3 Mont. / Borica al Com.d.te de S.n Fran.co   (5 Doc.    pp 153_4""; stamp ""108"". Author, recipient, place, date, orig_page (pp 153-4), savage_page (108) and the ""(5)"" doc-count all confirmed. SUMMARY PARTIAL: the leaf reads ""30 - aprueba no haber dejado Casar á la hi/ja del Poblador Vicente Mojica con el sold.o Flores, p.r ser de las que van á fundar la Villa de Branciforte"" - i.e. Borica approves NOT LETTING HER MARRY the soldier; the catalogue renders this as the daughter ""kept from leaving with Soldier Flores"", which misstates the act (casar = to marry). Also the catalogue quotes ""de los que van""; the leaf appears to read ""de las que van"". The ""$198"" element could not be confirmed: at scale=1 and scale=0 the figure reads ""de los [heavy 1]$"" and I cannot resolve it to 198. Omissions OK: the leaf's second entry (Borica al Com.te de la Escolta de Sta Cruz, Mayo 15/30, p. 158) is catalogued as ca24-d195."
ca24-d265,24,265,n184,https://archive.org/details/168036074_80_6_2/page/n184,OK,OK,OK,PARTIAL,OK,PARTIAL,OK,PARTIAL,OK,"Leaf read: 168036074_80_6_2 n184; stamp ""185"" (pencil ""267""). The leaf carries TWO documents, both covered by this one record. Doc A: ""1797 Mont / Borica al Com.te del S.n Fran.co / Ag.to 19.    pp 479 - 80."" Doc B: ""1797 Monterey 26 de Agosto / Borica á Pedro Amador ... pp. 481 - 2"". DATE PARTIAL: the second document is dated ""26 de Agosto"" (verified at 3x crop, unmistakable ""26""), not the catalogue's 20 August; the record's range ""1797-08-19→20"" is right at its start and wrong at its end. ORIG_PAGE PARTIAL: the leaf foots 479-80 and 481-2, i.e. a true span of 479-482; the catalogue asserts ""p.478-483"" with no interpolation marker - both endpoints off by one and overlapping the neighbouring records (d264 = p.477-479, d266 = p.482-485). The third digit of ""479"" is a 9 (open loop, straight descender), clearly distinct from the ""80"" beside it. SUMMARY PARTIAL: ""(20 Aug)"" is wrong per above; the leaf says the corral was still in progress - ""y que el Corral estaba finalizando"" - not ""finished""; and ""battery"" is not on the leaf, which reads only ""haberse concluido el almacen y Casas de la tropa"". The starred content is sound: ""Que bien de castigar á los sold.s por haber atropeyado á los indios"" and ""Que atraiga á la amistad al Capitanejo Junuguili, por los medios que le dicte la prudencia"". Omissions OK: no third document on the leaf."
ca24-d698,24,698,n407,https://archive.org/details/168036074_80_6_2/page/n407,OK,PARTIAL,OK,OK,OK,OK,OK,OK,OK,"Leaf read: 168036074_80_6_2 n407 (first entry); stamps ""406"" and ""82."" at top right, matching savage_page ""406 / 82."" exactly. Heading verbatim: ""1797. Monterrey                p. 302 / Marzo 17.    Borica al Virey.   Remite gastos erogados p.r contribuc.s p.a la ult.a guerra con Francia. _"". The catalogue's verbatim quote matches the leaf word for word, and the bracketed run-heading restatement in date_text matches too. RECIPIENT PARTIAL: the field is empty although the leaf names a recipient (""al Virey""); it is in fact recorded, but inside the author field as ""Borica al Virrey"", so the recipient column is not legitimately empty (not NA). Omissions OK: all seven entries on this leaf are catalogued item-by-item as ca24-d696 to d702 (incl. the struck-through bando entry) - this leaf is a model of the item-level standard."
ca24-d1012,24,1012,n554,https://archive.org/details/168036074_80_6_2/page/n554,OK,OK,OK,OK,OK,WRONG,OK,PARTIAL,OK,"Leaf read: 168036074_80_6_2 n554 (second entry); stamp ""552"" (pencil ""229""). Heading verbatim: ""1799. En. 6. M.try / Borica á P.P. de S.n Carlos.""; body: ""Aprueba las elecc.s de justiciales.""; footed ""p. 740."" ORIG_PAGE WRONG: the catalogue records ""p.743""; the leaf plainly foots ""p. 740."" (verified at 4x crop - final digit is a closed 0, not a 3). The same p.743 value is carried on the adjacent ca24-d1011, whose block is also footed ""p. 740."" on this leaf. SUMMARY PARTIAL: the leaf's own term is ""justiciales""; the catalogue replaces it with the bracketed inference ""[alcaldes/regidores neofitos]"" - defensible as a gloss, but the leaf's word is not recoverable from the record. Omissions OK: the leaf's other two entries (1798 Dic 28 to P. Fr. Belda, p.739; 1799 En.o 1-20 batch to nine missions) are catalogued as ca24-d1010 and ca24-d1011."
ca25-d18,25,18,n6,https://archive.org/details/168036074_80_7_2/page/n6,OK,OK,OK,OK,OK,WRONG,OK,OK,OK,"Leaf read: 168036074_80_7_2 n6 (first entry); stamps ""6."" (pencil) and ""7"" (printed), so savage_page 7 confirmed. Heading verbatim: ""1796. Febrero 11. Loreto / Arrillaga a Jesus Alvarez, Capitan General.""; body matches the catalogue summary word for word (""Pide que auxilie á un carpintero y á un calafate que van á reparar las averías del Jabeque Real que naufragó cerca del Estero de las Cruces""). ORIG_PAGE WRONG: the record carries ""p.—"" (no page), but the entry is explicitly footed ""pp. 11-12."" on the leaf (verified at 4x crop). This looks systematic in C-A 25 - all three records on this leaf carry ""p.—"" while the leaf foots pp. 11-12, p. 12 and pp. 12-13. Omissions OK: the other two entries (Feb 11 to D.n Matías Palacios; Junio 3 to Ten. Cor.l Cárcaba) are catalogued as ca25-d019 and ca25-d020."
ca25-d241,25,241,n68,https://archive.org/details/168036074_80_7_2/page/n68,OK,OK,OK,OK,OK,WRONG,OK,OK,OK,"Leaf read: 168036074_80_7_2 n68 (third entry); stamps ""68."" (pencil) and ""69"" (printed) - savage_page 69 confirmed. Heading verbatim: ""1804. Dic 3. Loreto / Arrillaga á Manuel de Bustamante 2.o Com.te de Artill.a""; body: ""Recomienda los servicios del Condestable J. Sanchez director del cultivo del Cáñamo"" - matches the catalogue summary. ORIG_PAGE WRONG: the record carries ""p.—"", but the entry is footed ""pp. 156.-7"" on the leaf (verified at 4x crop). Omissions OK: the leaf's other two entries (1804 Nov 2 to Fr. Tomás de la Peña, p.155; 1804 Dic 4 to the Obispo de Sonora, p.156) are catalogued as ca25-d240 and ca25-d242."
ca25-d340,25,340,n94,https://archive.org/details/168036074_80_7_2/page/n94,OK,OK,WRONG,OK,OK,WRONG,OK,OK,OK,"Leaf read: 168036074_80_7_2 n94 (first entry); stamps ""94"" (pencil) and ""95"" (printed) - savage_page 95 confirmed. Heading verbatim: ""1808. Ag.to 3. Mont. / Arrillaga á Moyua : Cáñamo.""; footed ""pp. 223_4"". PLACE WRONG: the leaf reads ""Mont."" (Monterey), not the catalogue's ""Loreto"" - verified at 3x crop; the cataloguer in fact noticed it, since the recipient field reads ""Moyua [Mont]"", but the place column still carries the volume's default Loreto. ORIG_PAGE WRONG: ""p.—"" recorded, leaf foots ""pp. 223-4"" (verified at 4x crop). Summary ""Cáñamo"" is the leaf's own word. Omissions OK: all five entries on this leaf are catalogued (ca25-d340 to d344)."
ca25-d342,25,342,n94,https://archive.org/details/168036074_80_7_2/page/n94,OK,OK,WRONG,OK,OK,WRONG,OK,OK,OK,"Leaf read: 168036074_80_7_2 n94 (third entry); stamp ""95"" - savage_page confirmed. Heading verbatim: ""1808. Ag.to 22. Mont. / Arrillaga á Narvaez : Pide un grumete para que siente plaza de soldado.""; footed ""p. 225."" Date 1808-08-22, author, recipient and summary all confirmed verbatim. PLACE WRONG: the leaf heading reads ""Mont."", not ""Loreto"" (verified at 3x crop - same defect as ca25-d340 on this leaf, and the other three records on it carry Loreto too). ORIG_PAGE WRONG: ""p.—"" recorded, leaf foots ""p. 225."" (verified at 4x crop). Omissions OK: all five entries catalogued (ca25-d340 to d344)."
ca25-d455,25,455,n141,https://archive.org/details/168036074_80_7_2/page/n141,OK,OK,OK,OK,OK,WRONG,OK,OK,OK,"Leaf read: 168036074_80_7_2 n141 (first entry); stamps ""139"" (pencil) and ""140"" (printed) - savage_page 140 confirmed (note this leaf breaks the volume's usual n+1 stamp relation, but the recorded value is the one on the leaf). Heading verbatim: ""1805. Marzo 13. Loreto / Arrillaga á Aguilar : Cementerio""; body: ""Ordena que se construya un cementerio cercado con paredes de adobe de 14 varas de largo y 12 de ancho, con una puerta para evitar la profanacion de los cadáveres."" - the catalogue summary reproduces this faithfully. ORIG_PAGE WRONG: ""p.—"" recorded, but the entry is footed ""pp. 535.-7"" on the leaf (verified at 4x crop). Omissions OK: the leaf's second block (1805 Loreto, Arrillaga á Aguilar, seven dated sub-entries Abril 21 to Oct. 8, pp. 537-548) is catalogued as ca25-d456."
ca25-d984,25,984,n503,https://archive.org/details/168036074_80_7_2/page/n503,OK,PARTIAL,OK,OK,OK,OK,OK,OK,OK,"Leaf read: 168036074_80_7_2 n503 (printed stamp '499', hand '51'). Entry 2 of 4 reads verbatim: '1820 = Febrero 24 = Monterrey / P.V. Sola á Ramon Murua = Manda una libranza / p. 400.' Author, place, date, orig_page (p.400), savage_page (499 / 51) and the quoted summary all match exactly. RECIPIENT = PARTIAL: the recipient field is blank while the leaf plainly names 'Ramon Murua'; the datum survives only inside the author string 'P.V. Sola > Ramon Murua', so it is unretrievable by a recipient query. This is not the catalogue's general convention — only 65 of 34,895 records use the 'A > B' author form, all of them in ca25, all with an empty recipient. OMISSIONS = OK: the leaf carries four documents (Feb 24 to Argüello p.400; Feb 24 to Murua p.400; Mar 25 to Argüello p.401; Mar 25 to José María Ortega pp.402-404) and the catalogue holds docs 983-986 for them."
ca26-d118,26,118,n36,https://archive.org/details/168036074_80_8_2/page/n36,PARTIAL,OK,OK,OK,OK,OK,OK,OK,OK,"Leaf read: 168036074_80_8_2 n36 (stamp '37'). AUTHOR = PARTIAL. The block heading on this leaf reads verbatim: '+ 1816 - Mont. / Arrillaga á Ten.te de la Guerra.' (magnified to confirm the name; it is unambiguously 'Arrillaga'). The catalogue records '[Solá]'. The substitution is historically defensible — Arrillaga died in July 1814, so Savage's heading is anachronistic for a Nov 1815 / June 1816 block — but it is not what the leaf says, and the square brackets signal a supplied name rather than a correction of the copyist. Graded PARTIAL rather than WRONG because the person named is substantively the right governor. Everything else matches: recipient heading 'A Gob. de Baja Cal.'; place 'Mont.'; date '1815 - Nov.e 27'; 'p. 128 -'; stamp 37; summary verbatim 'Recibo de documentos y Cuenta Gral. de Habilitacion de Sta Barb.a'. OMISSIONS = OK: five documents on the leaf (continuation of the Il'men/nutrias letter, Junio 20 '2 docs' p.127, Nov 27 'Recibo de cuentas' p.128, the Baja Cal. receipt, and 'A José Noriega' Nov 27) are covered by docs 115-119. I also read n35 to confirm the preceding heading was 'A Ten.te Noriega', so the Arrillaga heading is a fresh block, not an inherited one."
ca26-d725,26,725,n198,https://archive.org/details/168036074_80_8_2/page/n198,OK,OK,OK,OK,OK,OK,OK,WRONG,OK,"Leaf read: 168036074_80_8_2 n198 (printed stamp '198', hand '197'). Heading '+ 1805 - Loreto. / Gob á Com.te de Mont.' confirms author, recipient, place. SUMMARY = WRONG. The leaf reads verbatim (magnified): 'Mayo 7- Envia Copia de Brebe, 16 Dic.e 803, q.e proroga p.r otros 6 años el mando del Vicario Gral. de los R.s Ejércitos y Armada. p. 661.' The catalogue renders this as 'Copia de una Bula (16 dic 803) prorrogando 6 años el mando del Tesoro Genl. de los Reales Ejércitos y Armada'. Two errors: (1) 'Vicario Gral.' (the Vicario General Castrense, the military vicariate) has become 'Tesoro Genl.' — a different office entirely, and the one substantive fact the abstract exists to carry; (2) 'Brebe' (a papal breve) has become 'Bula'. Date 'Mayo 7' and 'p. 661' are correct. OMISSIONS = OK: the leaf's four entries (Mayo 7 p.661; '30' 2 docs p.662; Junio 10 2 docs p.662; 'A los Comisionados de los Pueblos' Junio 12 pp.663-5) map to docs 725-728."
ca26-d757,26,757,n206,https://archive.org/details/168036074_80_8_2/page/n206,OK,OK,OK,OK,OK,OK,OK,WRONG,OK,"Leaf read: 168036074_80_8_2 n206 (stamp '206', hand '205'). Heading '+ 1806 - Mont. / Gob á Sarg.to Manuel Gomez.' and sub-heading 'A Condestable Sánchez.' confirm author, recipient, place; 'Mayo 8' and 'p. 681 -' confirm date and orig_page. SUMMARY = WRONG. Magnified, the leaf reads verbatim: 'Mayo 8 — Q.e Alferez de la Guerra se queja de q.e se ha opuesto á pagar derechos de 2 barriles mescal q.e introdujo — p. 681 —'. The catalogue renders it 'El Alférez de la Guerra se queja de que le hacen pagar derechos por 2 barriles de mescal que introdujo'. This inverts the transaction: the leaf records a complaint that the addressee HAS REFUSED to pay the duties ('se ha opuesto á pagar'), the catalogue a complaint that duties are BEING EXACTED ('le hacen pagar'). The complainant, the goods and the quantity are right; the fiscal fact is reversed. OMISSIONS = OK: six entries on the leaf (Marzo 26, Abril 14, '30', Mayo 8 to Roca, Mayo 8 to Sánchez, '9') are covered by docs 753-758."
ca26-d773,26,773,n210,https://archive.org/details/168036074_80_8_2/page/n210,OK,OK,OK,WRONG,OK,OK,OK,OK,OK,"Leaf read: 168036074_80_8_2 n210 (stamp '210', hand '209'). Heading '+ 1807 - S.ta Barb.a / Gob. (á José Estudillo)' confirms author, recipient, place. DATE = WRONG. Magnified, the entry reads verbatim 'Junio 11 - Composturas de la esplanada del Pres.o - p. 690.' — two distinct digit-1 strokes, matching the '1' forms in 'Feb.o 14', 'Mayo 15' and 'Ag.to 17' elsewhere on the same leaf. The catalogue records 1807-06-01; the leaf gives 11 June 1807. The summary ('Composturas de la esplanada del presidio') and 'p. 690' are exact. OMISSIONS = OK: the leaf's four entries (Feb.o 14 '5 docs' pp.688-9; Mayo 15 Cirujano Benítez, no page footed — correctly recorded as '(—)' on doc 772; Junio 11 p.690; Ag.to 17) are covered by docs 771-774."
ca26-d790,26,790,n214,https://archive.org/details/168036074_80_8_2/page/n214,OK,PARTIAL,OK,OK,OK,OK,OK,OK,OK,"Leaf read: 168036074_80_8_2 n214 (stamp '214', hand '213'). RECIPIENT = PARTIAL. The sub-heading reads verbatim 'A Com.º Luis Peralta.' — the superscript is an 'o', which I confirmed by magnifying it alongside the leaf's own top heading 'Gob. á Com.te de Mont.', where the superscript is plainly 'te'. 'Com.º' expands to Comisionado (Luis María Peralta was comisionado of the pueblo of San José), not Comandante. The catalogue's 'Comte. Luis Peralta' names the right man with the wrong office. Everything else matches: heading '+ 1807 - Soledad.' (catalogue 'La Soledad', a harmless expansion); 'Marzo 5', which falls after the leaf's own 'En.o 31 (1808-)' marker, so 1808-03-05 is right; 'p. 700.'; and the summary against 'Pasará Sarg.to de Art.a Manuel Gomez á S.ta Clara, á averiguar desordenes cometidos p.r tropa de Art.a'. OMISSIONS = OK: four entries (Dic.e 29, En.o 31, Marzo 5, Junio 8) covered by docs 788-791."
ca26-d917,26,917,n244,https://archive.org/details/168036074_80_8_2/page/n244,OK,OK,OK,OK,OK,OK,WRONG,OK,OK,"Leaf read: 168036074_80_8_2 n244. SAVAGE_PAGE = WRONG. The leaf's top right carries printed stamp '244' and, beneath it, Savage's own hand-written '19.' (magnified). The catalogue records 'B-62', which is simply orig_page 62 with a 'B-' prefix — the original tomo page, not the copyist's page. I verified the B-series pagination directly: n226 is hand-numbered '1.' under the heading '+ 1800 = Feb.o 8 = Loreto. — / Gobernador Interino Arrillaga á José Font.', n240 is '15', n242 '17', n243 '18', n244 '19' — i.e. hand page = n − 225 exactly. The defect is systematic, not local: every ca26 record from doc 834 (n226, 'B-1') onward carries savage_page = 'B-' + orig_page, so ~450 records in this volume have a savage_page that is a duplicate of the original-tomo page rather than a read value. The correct value here is 19 (stamp 244). Everything else checks: author/recipient/place come from the heading at the foot of n242, read verbatim as '+ 1802. - Loreto (Baja Cal.) / Arrillaga á Manuel Rodriguez en San Diego.'; the year 1803 is set by the '+ 1803.' marker on n243; the entry reads '+ Marzo 9. (3 doc.) p. 62. / Recibe cuentas de fondos / "" Cuentas de Correos. / "" hojas de servicio.', matching date, orig_page, doc count and summary. OMISSIONS = OK: the leaf's continuation plus four entries are covered by docs 916-920."
ca26-d1115,26,1115,n340,https://archive.org/details/168036074_80_8_2/page/n340,OK,WRONG,OK,PARTIAL,OK,OK,WRONG,WRONG,OK,"Leaf read: 168036074_80_8_2 n340 (printed stamp '340', hand '115.'). The leaf carries TWO documents. Doc 1: '+ 1816 = Enero 25 = Carmelo. / Sola al mismo P. Martinez ... sería lo mismo que ""entregarle la Iglesia á Lutero"" ... pp - 304 = 305.' Doc 2 (magnified to confirm): '+ 1816 = Febrero 16 = (Monterey.) / Sola al R. P. Prefecto. ... pp 305 = 7.' RECIPIENT = WRONG: the catalogue gives 'P. Luis Antonio Martínez / P. Presidente Payeras'. The first half is right; the second contradicts the leaf, which reads 'R. P. Prefecto' and names nobody. (Corroborating, though this is my inference from standard chronology, not from the leaf: in Feb 1816 the Comisario Prefecto was Vicente Francisco de Sarría; Payeras was Padre Presidente, a different office, and did not become Prefecto until 1819.) DATE = PARTIAL: 1816-01-25 with date_confidence 'exact' and granularity 'item', but the record actually spans two letters, 25 Jan and 16 Feb 1816; the February date is nowhere recorded. SAVAGE_PAGE = WRONG: 'B-304–307' merely repeats orig_page; the leaf's own hand number is '115' (stamp 340), consistent with the n−225 B-series I verified at n226/n243/n244. SUMMARY = WRONG: the catalogue says the postscript reports 'el Capitán, 2 pilotos y 13 hombres'; the leaf reads verbatim (magnified) 'el Capitan, dos pilotos y 15 hombres que tripulaban la mencionada Goleta Americana.' The summary also drops doc 2's request for maize and the named Spanish captain-and-master Juan Salvador Aspiroz. Author ('Sola', bracketed unnecessarily since the leaf names him), place ('Carmelo' / '(Monterey.)') and orig_page (304-305 + 305-307 = 304-307) are correct. OMISSIONS graded OK because no document on the leaf is wholly uncatalogued — doc 2's substance does appear inside this record's summary — the merge is scored under date instead, to avoid counting one defect twice."
ca27-d102,27,102,n95,https://archive.org/details/168036073_80_9_2/page/n95,OK,OK,OK,OK,OK,OK,OK,OK,OK,"Leaf read: 168036073_80_9_2 n95 (printed stamp '98', hand '97'). Heading reads verbatim: '+ 1825. Ag.to 4 Monterey / José M.ª Herrera á D.n Luis Antonio Argüello / Sobre aviso de su arribo y de haber sido nombrado Comisario, y tomado posesión de su destino.' Body: 'Para poder dar cuenta al Gobernador y Comand.te gral, de haber entrado en posesión de su empleo, espero se verifique en virtud del aviso del Supremo Gob.no ó del modo que sea mas conveniente...' ending '388 á 390.' Author, recipient (Argüello, correctly styled Gov.), place, date, orig_page (p.388-390) and the English summary all match. SAVAGE_PAGE OK: '~98' is flagged as an interpolation but the value is exactly the printed stamp on the leaf; the tilde is unwarranted here since the stamp is legible. Note for the catalogue, not an error against this leaf: ca27 mixes conventions — tomo I savage_pages record the printed stamp (98) while tomo II records the hand folio ('II:51' at n211, whose stamp is 224). OMISSIONS = OK: the leaf's second document, '1825 Diciembre 20 San Diego / José M.ª Echeandía al Comand.te de Monterey (Circular) / Admisión del Comercio por el Puerto de S.n Pedro ... p. 391. 392', is carried by doc 103 (whose own recorded date, 1825-12-05, does not match the leaf's 'Diciembre 20' — flagged for the record, but doc 103 is outside this batch)."
ca27-d224,27,224,n211,https://archive.org/details/168036073_80_9_2/page/n211,OK,OK,OK,OK,OK,OK,OK,OK,OK,"Leaf read: 168036073_80_9_2 n211 (printed stamp '224', hand '51.'). The first document reads verbatim: '+ 1827. = Diciembre 31 = Santa Barbara. / Guerra á Echeandia / Envia adjunta la discripcion del fierro que usa en su ganado, y suplica le devuelva dicho documento. / p.p. 108. - 109.' Every field matches: author (De la Guerra), recipient (Echeandía), place, date, orig_page p.108-109, and the summary 'Cover note transmitting his cattle-brand description; asks the document be returned'. SAVAGE_PAGE OK: 'II:51' corresponds to the hand-written '51.' at top right, the tomo II folio. OMISSIONS = OK: the leaf's other two documents — '+ 1827. - Octubre 11 - Santa Barbara / José M.ª Herrera á Echeandia. = Pide se le deje salir del Territorio' (pp.110-128) and '+ 1828 - Agosto 7 = Monterrey / José Aguilar á Echeandia. Suspención de mando al Sargento 2.º José M. Medrano' — are covered by docs 225 and 226."
ca28-d197,28,197,n146,https://archive.org/details/168036073_80_10/page/n146,OK,PARTIAL,OK,OK,OK,OK,OK,OK,OK,"Leaf read: 168036073_80_10 n146 (stamped 145, ink 145). Heading verbatim: ""1834. Enero 14. Monterey / Figueroa á M. E. Mc. Kintosh""; body ""Concede licencia para pescar nutrias por 5 meses desde el paralelo de la Mision de S. Luis Obispo hasta el puerto de Bodega.""; foot ""pp. 574-5"". RECIPIENT PARTIAL: catalogue normalises to ""M. E. McIntosh"" where the leaf reads ""Mc. Kintosh"" (same man, silently respelled). PLACE: field is empty but Monterey is carried in the author field as ""Figueroa (Monterey)"", this volume's convention (cf. d195 'Figueroa (Monterey)', d199 'Juan Machado (San Diego)') — graded OK because the datum is in the record. Omissions: the other two entries on the leaf (José Ortega á Figueroa, Enero 20, p.576; Juan Machado á Figueroa, Febrero 22, pp.577-8) are catalogued as d198 and d199."
ca28-d225,28,225,n159,https://archive.org/details/168036073_80_10/page/n159,OK,OK,PARTIAL,OK,OK,OK,OK,OK,OK,"Leaf read: 168036073_80_10 n159 (stamped 158, ink 158). Verbatim: ""1833 Junio 18 Monterey / Figueroa á Antonino Buelna / Concede licencia para pescar nutrias por 4 meses. p. 638."" (name confirmed at high magnification as 'Antonino Buelna'). PLACE PARTIAL: the leaf heads the entry ""Monterey"" but the record's place field is empty AND, unlike d197, the author field carries no parenthetical — the datum is recorded nowhere. The 'OUT OF ORDER (1833)' flag is corroborated: the following entry on the same leaf is ""1834 Enero 22 Monterey"". Omissions: the other two entries (Juan B. R. Cooper á Figueroa, p.637; Figueroa á la Diputacion, pp.639-40) are catalogued as d224 and d226."
ca29-d77,29,77,n111–n112,https://archive.org/details/168036073_80_11_3/page/n111,OK,NA,OK,OK,OK,OK,OK,PARTIAL,OK,"Leaves read: 168036073_80_11_3 n111 (stamped 114, ink 113) and n112 (stamped 115, ink 114); document genuinely spans both, ending ""pp. 271-2"" at the head of n112 — orig_page and the n111–n112 pin both confirmed. Heading: ""1836 – Julio 17 – San Diego. / Joaq.n Blanco. / Pase de un Soldado á otra compañia."" RECIPIENT NA: Savage's heading names no addressee; the body only says ""ante US. dice"" (unnamed superior; the endorsement chain runs to the Comte. General). SUMMARY PARTIAL: the catalogue calls it ""la compañía presidial de San Diego"", but the leaf reads ""Joaq.n Blanco sold.o de la comp.a de caball.a perman.te de San Diego"" — 'permanente' and 'presidial' are distinct categories, and the leaf's term was replaced. Endorsements otherwise confirmed verbatim: ""En San Gabriel Ago.to 12 de 1836 = Ign.o del Valle..."", ""En San Gabriel Agost.o 13 de 1836 = Nicolas Gutierrez...""; a third marginal endorsement (San Diego, Ag.to 10, 1836, Juan Salazar) is not mentioned. savage_page 114–115 = the stamped numbers. Flag (adjacent record, not graded here): d079 is pinned n112–n113 but the entry beginning at the foot of n112 reads ""1846[1836] Julio 19 Santa Barb.a / Guill.mo B. Dana, Alcalde Constitucional, á Gefe Politico Mariano Chico"", against d079's 1836-07-17 / place ""[Santa Cruz?]"" / author ""Alcalde""."
ca29-d335,29,335,n268,https://archive.org/details/168036073_80_11_3/page/n268,OK,OK,OK,OK,OK,OK,OK,OK,OK,"Leaf read: 168036073_80_11_3 n268 (stamped 273, ink 272). Verbatim: ""1839 – Julio 10 – Sonoma / Vallejo al Comis.o Interino. / Que no hay bastante para el pago de las tropas y empleados del Departam.to q.e el Comte. Gral. podrá ausiliar con 8 ó 10,000 pesos. pp. 669-70"". Every field matches; the summary reproduces the abstract almost verbatim. 'M. G.' before Vallejo is an identification expansion, not on the leaf but uncontested. Omissions: the leaf's other three entries (Vallejo á Gob. Alvarado p.671; José Rafael Gonzales p.672; Santiago Maguinse p.673) are catalogued as d336, d337, d338."
ca30-d184,30,184,n108,https://archive.org/details/168036073_80_12/page/n108,OK,OK,OK,OK,OK,OK,OK,WRONG,OK,"Leaf read: 168036073_80_12 n108 (stamped 108, ink 107). Heading confirmed: ""1844 = Abril 20 = Monterey. / Pablo de la Guerra al Alcalde.""; foot ""p. 637-638"". SUMMARY WRONG on two counts. (1) Distance: the leaf reads ""unos bultos que se encontraron á 1 legua de la poblacion"" — numeral verified at high magnification and the noun is singular 'legua'; the catalogue says ""hallados á 5 leguas de la población"". (2) The catalogue's ""dos frascos/bultos de dueño disputado"" misparses the sentence: the leaf reads ""Que venga para que se abran en su presencia y en la de dos franceses que se dicen dueños de ellas, unos bultos..."" — 'dos' belongs to ""dos franceses"" (two Frenchmen claiming ownership, a fact dropped entirely), and the bundles are ""unos bultos"", unquantified. savage_page OK: 107 is the ink number written on the leaf (the stamped page is 108) — note the catalogue's page series is inconsistent across volumes (ca29 records the stamp, ca30/ca31 the ink number). Omissions: the leaf's other two entries (sin firma, 1845 Dic 20, p.634; Mazatlán, p.636) are catalogued as d182 and d183."
ca30-d423,30,423,n253–n254,https://archive.org/details/168036073_80_12/page/n253,OK,OK,OK,OK,PARTIAL,OK,WRONG,PARTIAL,OK,"Leaves read: 168036073_80_12 n253 (stamped 253, ink 127) and n254 (stamped 254, ink 128). Entry verbatim: ""1845 = Sbre 26 = Monterey. / José Abrego á Pico / Sobre pago de libranzas. / Q.e Mellus se resiste á recibir de Larkin los $500 de su libranza, p.r querer plata; q.e por honra del Gob.o, preguntó á Hijar de q.e modo se deben hacer esos pagos; pues q.e hay otras q.e tendran q.e cubrirse. Q.e le resuelva pronto las consultas q.e le remitió. pp 432-3."" SAVAGE_PAGE WRONG: the record cites 251–252, but the two leaves bear 253/254 (stamped) and 127/128 (ink) — 251 appears nowhere; verified at magnification on n253 and on n280 that no third number exists in the margins. SCAN_PIN PARTIAL: the document is complete on n253 (heading, body and page-cite, with blank ruling below); n254 opens with a new dated entry (Fran.co Rico á Pico, Sbre 30, p.434 = d424), so the n253–n254 span is overstated by one leaf. SUMMARY PARTIAL: substance is a faithful rendering, but ""[William] Mellus"" inserts a given name the leaf does not supply (it reads only ""Mellus""). Omissions: n253's other content (tail of d421, ""tiene pedida una licencia p 429""; Diego Olivera á Pico pp.430-1 = d422) and all three entries on n254 (d424–d426) are catalogued."
ca30-d472,30,472,n280–n281,https://archive.org/details/168036073_80_12/page/n280,OK,OK,OK,OK,OK,OK,WRONG,OK,OK,"Leaves read: 168036073_80_12 n280 (stamped 280, ink 154) and n281 (stamped 281, ink 155); the document genuinely spans both. Verbatim: ""1844 – Julio 19 – Angeles. / Varias firmas al Ayuntami.to. / Solicitud de 14 individ.s pidiendo q.e no se abra el callejon, (mencionado ántes) p.r ser nocivo; pues q.e allí van á jugar los sirvientes lo q.e han robado á sus amos &c &c, no siendo ademas necesario q.e exista. (Se acordó q.e pase á la Asamblea). pp 526-7."" The starred quotation is exact and orig_page VI·526–527 is confirmed. SAVAGE_PAGE WRONG: the record cites 278–279; the leaves carry 280/281 (stamped) and 154/155 (ink) — a magnified sweep of the n280 top strip shows only '280' and '154'. The ""(de Pryor)"" identification is supported by the flanking entries on the same leaves (d471 and d473 both name ""el callejon de Pryor""); ""14 vecinos"" for the leaf's ""14 individ.s"" is trivial. Omissions: all other entries on n280–n281 are catalogued (d470, d471, d473, d474)."
ca30-d486,30,486,n286–n287,https://archive.org/details/168036073_80_12/page/n286,OK,NA,OK,OK,OK,OK,WRONG,OK,OK,"Leaves read: 168036073_80_12 n286 (stamped 286, ink 160) and n287 (stamped 287, ink 161); the document spans both, ending ""cunstancias. pp 559-60"" at the head of n287 — orig_page VI·559–560 confirmed. Verbatim: ""1845 – Abril 7 – Angeles. / Sanchez – Coronel – Bacilio Valdes / Ricardo Uribe de 33 años, sentenciado á destierro perpetuo á Sta Bárb.a; p.a q.e pase á Sonoma á cumplir su condena, p.r exigirlo las circunstancias."" Author expansions (V. Sanchez → Vicente, Yg Coronel → Ignacio) are supported by the two entries above on the same leaf; 'Bacilio'→'Basilio' is orthographic. Recipient NA: this is a sentencia with three signatories and no addressee on the leaf. SAVAGE_PAGE WRONG: the record cites 284–285; the leaves bear 286/287 (stamped) and 160/161 (ink). Omissions: the leaf's other entries (Montalván sentence pp.555-6 = d484; Uribe consignment pp.557-8 = d485; on n287 p.561 = d487 and pp.562-5 = d488) are all catalogued."
ca31-d50,31,50,n31,https://archive.org/details/168036073_80_13_2/page/n31,OK,OK,OK,OK,OK,OK,OK,OK,OK,"Leaf read: 168036073_80_13_2 n31 (stamped 32, ink 31). Verbatim: ""1846. Junio 30 Sta Barb.a / Gobr. Pico á Thompson – Pesca de Nutrias. / Le concede lo q.e anteriorm.te pide, bajo condicion de no dañar la cria – y de pagar los derechos conforme el número de nutrias q.e pesque. p. 119."" Every field matches, including the quoted 'no dañar la cría'. savage_page 31 is the ink number on the leaf (the stamped page is 32) — consistent with this volume's practice, but note the cross-volume inconsistency (ca29 records the stamped number). Omissions: the leaf's other two entries (Moreno á Stearns, Junio 29, pp.115-6; A. B. Thompson al gobr., Junio 30, pp.117-8) are catalogued as d048 and d049."
ca31-d143,31,143,n96,https://archive.org/details/168036073_80_13_2/page/n96,OK,OK,OK,OK,OK,OK,OK,OK,OK,"Leaf read: 168036073_80_13_2 n96 (stamped 94, ink 91). Verbatim: ""1846. Julio 2. Ang.s / Stearns al secr.o de gob.no  Borrador. – Ayunt.to [interlined: Medidas de defensa.] / Dice q.e luego q.e recibió la nota de 29 hizo convocar el Ayuntam.to á sesion estraordinaria – q.e presentó las circunst.s críticas del pais y q.e á consecuencia se nombró una comision q.e informase, la cual luego presentó su opinion como en el documento adj.to se halla – Q.e la junta 'satisfizo' q.e Junio 30 había mandado 14 hombres bajo mando de J. Gallardo – y q.e continuará haciendo lo posible &c – p. 331-2."" All fields match; the catalogue's quoted phrase silently expands the leaf's abbreviation ""las circunst.s críticas del pais"", which is legitimate. savage_page 91 = the ink number (stamped page is 94). Omissions: the leaf's only other entry (Stearns al alcalde 1º inter.o, Bando, p.338) is catalogued as d144."
ca32-d46,32,46,n86–n90,https://archive.org/details/168036073_80_14/page/n86,OK,OK,OK,OK,OK,OK,OK,OK,WRONG,"Read leaves n86–n90 of 168036073_80_14 (stamped 87, 88, 89, 90, 91 at top right). n86: '1831. Oct. 27 (Mont.) / (Comand.te Gen.l Man.l Victoria – al Ministro de Guerra – Méx.) / (Este doc. es un borrador sin firma, y no espresa de donde salió – parece ser de Victoria) / Manifiesta las razones por que no conviene que remitan á este Territorio oficiales ú otra clase de individuos, partidarios de revoluciones.' n87 supplies 'las debilidades de mi antecesor D.n José M.a Echeandía' and 'El Capitan grad.o D.n Leonardo Barroso … la causa sobre el despojo y tropelías cometidas en el pueblo de los Angeles contra el Alcalde de aquel Ayuntam.to'. Doc (a) is footed 'pp 112 – 112½' (n88); doc (b) opens on the same leaf '1831. Oct. 26. (Mont.) / (Este es un borrador sin firma ni lugar – evidentemente es del Comand.te Gen.l Victoria al Ministro de Guerra en Méj.) / Sobre socorros á las tropas, y su interes por favorecer á los militares' and is footed 'pp 113 – 4' (n90). Every element of the abstract is on the leaves verbatim: 'el Berg.n ingles ""Ayacucho"" procedente de Lima del cargo de Estevan Anderson, cuyos derechos importáron cosa de $11,000'; 'ha quedado remediada de momento la suma desnudez y miseria'; 'estrechado á permitir la importacion del paño que es artículo prohibido'; 'No he hallado oportuno que se me haga abono alg.o p.a mis urgencias particulares, procurando de este modo no agravar estos cortos recursos'. Page span 112–114 therefore confirmed (the tomo prefix 'XIV:' is not written on these leaves, so that part of the citation is not checkable here). OMISSION: the head of leaf n86 (Sav p.87) carries a further entry no catalogue record covers — '+ 1842 Nov. 9 Los Angeles. / Ambrosio Gómez. Encargado del Hospital. / p 101.' The neighbouring record ca32-d44 (scan n81–n85, Sav 82–86, orig XIV:1–95) stops one leaf and six original pages short of it, and no ca32 record mentions Ambrosio Gómez or tomo page 101; it looks like the tail item of d44's receipts digest left uncatalogued by an understated span."
ca33-d46,33,46,n34,https://archive.org/details/168036073_80_15/page/n34,OK,OK,OK,OK,OK,OK,OK,PARTIAL,OK,"Read leaf n34 of 168036073_80_15 (stamped '34' top right, with Savage's underlined '34' beneath). First entry: '1844. = Mayo 11. = Monterey. / Marcelino Escobar al Sec.o de Gob.n / Que ponga y observe por la observancia del decreto sobre robos de cueros. / pp = 110 = 11.' Author, recipient, place, date, orig pages (110–111) and Savage page all match. Summary imprecise: the catalogue transcribes the abstract as 'Que pone y obra por la observancia del decreto sobre robo de cueros' where the leaf reads 'Que ponga y observe … sobre robos de cueros' (verified on a 1.6× enlargement of the line). Substance — enforcing the hide-theft decree — is preserved, so PARTIAL not WRONG. No omission: the leaf's other two entries ('1844 = Junio 3 = Monterey. Florencio Serrano al Secretario del Despacho. Avisa la postulacion de la terna. pp = 112 = 14' and '1844 = Julio 10 = Monterey. El mismo al Gobernador … pp = 115 = 19') are carried by ca33-d47 and ca33-d48. (Aside, not this record: d47 records 1844-06-05 where the leaf reads 'Junio 3'.)"
ca34-d52,34,52,n18,https://archive.org/details/168036072_80_16/page/n18,WRONG,PARTIAL,PARTIAL,OK,OK,OK,PARTIAL,WRONG,OK,"Read leaf n18 of 168036072_80_16. The entry is the second on the leaf: '+ 1840 = S.bre 5. = Angeles. / Prefecto  á  Sub Prefecto de S.ta Barb.a / — Que se remita á Joaq.n Pereira poniendolo á disposicion del Juez de 1.a Inst.a de dicha Ciudad. p. 93.' AUTHOR WRONG: the writer is the Prefecto (at Angeles); the catalogue enters the addressee, 'Sub-prefecto de Sta Bárbara', as author — the direction of the letter is reversed. (Same defect in the two neighbours on this leaf: d51 and d53 likewise record the addressee as author, while the n74 stretch gets it right.) RECIPIENT blank although the leaf names 'á Sub Prefecto de S.ta Barb.a'. PLACE blank although the dateline gives 'Angeles'. SUMMARY WRONG on the one name it carries: the leaf reads 'Joaq.n Pereira' (checked at 4× enlargement — P-e-r-e-i-r-a, no 'lt' ligature), not 'Joaquín Peralta'; the action ('poniendolo á disposicion del Juez de 1.a Inst.a de dicha Ciudad') is right. Date ('S.bre 5' = 5 Sept 1840) and orig page ('p. 93') correct. SAVAGE PAGE: leaf n18 carries two numbers — Savage's ink '18.-' and the stamped '19' below it. The catalogue's 18 follows the ink series; every other C-A 34 leaf I read follows the stamp (n74→75, n132→133, n203→204, n410→410, n455→455, n520→520), and the switch is at n59 exactly (n59 = ink 59 / stamp 60, catalogued 60 in d178; n40 = ink 40 / stamp 41). So this record's savage_page is one below the volume's own stamped pagination — graded PARTIAL because the number does appear on the leaf, but it is the section foliation, not the page stamp. No omission: all three entries on n18 are catalogued (d51, d52, d53)."
ca34-d235,34,235,n74,https://archive.org/details/168036072_80_16/page/n74,OK,OK,PARTIAL,OK,OK,OK,OK,OK,OK,"Read leaf n74 of 168036072_80_16 (ink '74.' and stamp '75' at top right). First entry: '+ 1841. = Julio 13. = Angeles. / Prefecto á Juez de S.n Diego. / — Acusa recibo de oficio en que le pide armas. — p 332.' Author, recipient, date, orig page (p.332), savage page (stamp 75) and abstract all match. PLACE field blank although the dateline gives 'Angeles'. No omission: the leaf's other three entries ('Al mismo ,, 16 — Adjunta oficio – pp 333-34'; 'A Juezes 1.º y 2.º de la Ciudad ,, 20 — Que cite á vecinos – p. 334'; 'A Juez de S.n Diego ,, 20 — Sobre fondos municipales – pp 335-36') are carried by d236, d237, d238."
ca34-d408,34,408,n132,https://archive.org/details/168036072_80_16/page/n132,NA,NA,NA,NA,OK,OK,OK,OK,OK,"Read leaf n132 of 168036072_80_16 (stamp '133' with ink '132' beside it). The first line of the leaf is exactly '+ Carátula   p. 695.' — no author, no addressee, no place, no date are given, so those four fields are legitimately empty. Orig page (p.695), savage page (stamp 133) and the abstract 'carátula' all match. No omission: the leaf's three further entries are catalogued — '1833. = Agosto 6 = Angeles. Juan B. Alvarado á Alcalde. Sobre terreno. p 696' (d409); '1833. = Agosto 29 = Angeles. Ant.o M.a Osio á Alcalde … pp 698 = 99' (d410); '1833 – Octubre 15 – S.ta Barbara. Agustin V. Zamorano sobre eleccion de Diputado á Congreso Gral … José Figueroa Grâl de Brigada' (d411, n132–n136). (Aside, not this record: d410 records 1833-08-27 where the leaf reads 'Agosto 29'.)"
ca34-d543,34,543,n203,https://archive.org/details/168036072_80_16/page/n203,OK,OK,PARTIAL,WRONG,OK,OK,OK,PARTIAL,OK,"Read leaf n203 of 168036072_80_16 (stamp '204', ink '25.'). First entry: '+ 1836. – En.o 28. – S. Fernando. / Ant.o del Valle — á Requena Alcalde de los Ang.s / Comunica: que habiendo sido intolerables los continuos robos de caballada y ganado mayor cometidos por el indio Rafael de aquella mision, mandó perseguirlo hasta lograr su aprehension, la que verificada, lo participó al Comand.te Gral D. Nicolas Gutierrez, quien le previno lo pusiese á disposicion de ese Juzgado á cuyo efecto se lo remitió, esperando le acusase el correspond.te recibo. / pp.136-37.' DATE WRONG: the leaf reads 'En.o 28', not 24; the same '28' is written in the dateline of the next entry on the leaf ('1836. – En.o 28 – S. Fernando', catalogued correctly as 1836-01-28 in d544), and '24' occurs only inside that second document's text ('que le pasó en 24 del corriente'). PLACE field blank, though the leaf's dateline gives 'S. Fernando' (the catalogue carries it parenthetically inside the author field instead). SUMMARY PARTIAL: substantively right, but 'remits him via Comte Nicolás Gutiérrez' misstates Gutiérrez's role — the leaf has del Valle report the capture to Gutiérrez, who then instructed him to place the Indian at the disposal of that court ('quien le previno lo pusiese á disposicion de ese Juzgado'). Orig pages (136–37) and savage page (stamp 204) correct. No omission: both entries on n203 are catalogued (d543, d544)."
ca34-d995,34,995,n410,https://archive.org/details/168036072_80_16/page/n410,OK,PARTIAL,PARTIAL,OK,OK,OK,OK,OK,OK,"Read leaf n410 of 168036072_80_16 (stamp '410', ink '59.'), including a scale=1 enlargement of the dateline. First entry: '+ 1840 - Nov.e 14 - Angeles. / S. Argüello al Juez de Paz y de 1.a Instancia. / Que haga saber á los dueños de Ranchos ó sus mayordomos en el transito de los Nietos á S.n Joaquin, q.e se ha ordenado hace mucho tiempo q.e se conduzcan los correos de Rancho á Rancho &. – pp. 400-1.' The day glyph is ambiguous at first sight but is this clerk's flourished open form of 4: the identical glyph closes 'pp. 402-4' further down the same leaf, so 1840-11-14 is correct. RECIPIENT PARTIAL: the leaf says 'al Juez de Paz y de 1.a Instancia'; the catalogue records only 'Juez'. PLACE blank although the dateline gives 'Angeles'. Orig pages (400–1), savage page (stamp 410), scan pin and the abstract (rancho-to-rancho mail relay along the Nietos → S. Joaquín transit) all match. No omission: the leaf's other two entries ('1840 - Nov.e 12 - Angeles … Abel Stearns … pp. 402-4' and 'Nov.e 20 – Remitir las diligencias promovidas contra Abel Stearns pr. contrabando – pp. 405-6') are d996 and d997."
ca34-d1121,34,1121,n455–n456,https://archive.org/details/168036072_80_16/page/n455,OK,OK,PARTIAL,OK,OK,OK,OK,OK,OK,"Read leaves n455 (stamp '455', ink '10') and n456 (stamp '456', ink '11') of 168036072_80_16. Fourth entry on n455: '+ 1840 Enero 20 Angeles / Felipe Lugo al Prefecto / Dá parte de que presentó una demanda José Sepulveda diciendo que Teodosio Yorba lo quie[re] asesinar', continuing at the head of n456: 'asesinar que los sitó al Juzgado, y que Sepulveda no quiso comparecer, que le diga que ha[cer] sobre el particular. / p.p. 35-36.' Author, recipient, date, both page systems (orig 35–36; savage stamps 455–456) and the two-leaf span all match, and the abstract is faithful (it omits only Lugo's closing request for instructions). PLACE blank although the dateline gives 'Angeles'. No omission: every entry on the two leaves is catalogued — n455: d1118 (T. Yorba, Sta Ana, 'Servicio ordinario de Correos', p.31-2), d1119 (Dolores Lugo instancia, p.33), d1120 (Fran.co Figueroa instancia, p.34), d1121; n456: d1122 (Luis Lamoureux, p 37-8), d1123 (p.39), d1124 (p.40). (Aside, not this record: the leaf dates d1124's entry '1840 Enero 16', where the catalogue has 1840-01-14.)"
ca34-d1280,34,1280,n520,https://archive.org/details/168036072_80_16/page/n520,OK,OK,PARTIAL,OK,OK,OK,OK,OK,OK,"Read leaf n520 of 168036072_80_16 (stamp '520', ink '86'). Third entry: '1840 - Mayo 18. Sta Barbara / Antonio Olivera al Juez de Paz de los Angel.s / Recomienda aprenda á 2 indios ladrones de Caballada, que tomaron ese rumbo. / pp. 400 1.' Author, recipient, date, orig pages (400–401), savage page (stamp 520), scan pin and abstract all match exactly. PLACE field blank, though the leaf's dateline gives 'Sta Barbara' (carried parenthetically in the author field instead). No omission: the leaf's other content is covered — the continuation at the head ('… pp. 394-5-7') belongs to d1278 (n519–n520) and the middle entry ('1840 Mayo 12 Sta Barbara / Juan M.a Osuna al Prefecto / Remisio[n] de un indio preso. p 398-9') is d1279."
ca35-d220,35,220,n73,https://archive.org/details/168036072_80_17/page/n73,OK,OK,PARTIAL,WRONG,OK,OK,OK,OK,OK,"Read leaf n73 of 168036072_80_17 (Savage's ink '73.' at top right, stamp '74' below it). First entry: '+ 1839. Set. 18. Angeles / Tapia á Machado : Juicios Militares / Trascribe una nota del Gobierno sobre aplicacion ú observancia de Ordenes Reales que tratan del modo de enjuiciar á los reos militares en el caso de Brígido Maria. / pp. 531-2.' DATE WRONG in the month: the leaf reads 'Set.' (setiembre), not October — confirmed at 3× enlargement and matched by the other two datelines on the same leaf, '1839. Set. 2.' and '1839. Set. 27.' (catalogued as 1839-10-02 in d221 and 1839-10-27 in d222, so the month slip runs through this whole stretch). Day (18), author, recipient, orig pages (531–532) and the abstract are all correct. PLACE blank although the dateline gives 'Angeles'. Savage page graded OK: '73' is the copyist's own ink foliation on the leaf and C-A 35's catalogue uses that series throughout (343 of 343 numeric records have savage_page = leaf index), though the leaf also bears a stamped '74' — the same dual pagination that C-A 34 handles the other way. No omission: all three entries on n73 are catalogued (d220, d221, d222)."
ca35-d239,35,239,n79,https://archive.org/details/168036072_80_17/page/n79,OK,OK,PARTIAL,OK,OK,OK,OK,OK,OK,"Leaf read: 168036072_80_17 n79 (ink page '79' top right, library stamp '80'). Entry 2 of 4 reads verbatim: '+ 1839. Oct. 2. Sta Bárb.a / Miguel Alvarez á Camarillo — Recibo de dinero / p. 579.' Author, recipient, date, orig_page (p.579) and the abstract ('money received') all match. savage_page '79' = the copyist's ink number on this leaf (note the leaf also bears a stamped '80'; the catalogue tracks the ink number here and in ca37, the stamp in ca36 — see ca36-d74). place = PARTIAL: the leaf heads the entry 'Sta Bárb.a' but the place column is empty; the place is carried only inside the author string '(Sta Bárbara)'. This is systematic in C-A 35 (place populated in just 124 of 1,184 rows, vs 116/116 in ca36 and 607/607 in ca37), so a place-filtered query misses the volume. omissions OK: the leaf carries four documents (p.578, p.579, pp.580-1, p.582) and the catalogue covers all four as docs 238-241."
ca35-d365,35,365,n122,https://archive.org/details/168036072_80_17/page/n122,OK,OK,PARTIAL,OK,OK,OK,OK,OK,OK,"Leaf read: 168036072_80_17 n122 (ink '122', stamp '123'). Verbatim: '+1839. Dic. 31. Angeles / Machado á Tapia: Ofrece rendir las cuentas que se le piden tan luego como haga entrega del Juzgado de su cargo / pp. 873-4' followed by the terminal flourish 'Fin del Tom. V.' Author, recipient, date, orig_page and abstract all match; the catalogue's 'Fin del Tomo V' is a legitimate expansion of 'Fin del Tom. V.'. savage_page '122' = the ink number. place = PARTIAL: leaf reads 'Angeles' in the entry head but the place column is blank (carried only as '(Angeles)' inside author). omissions OK: two documents on the leaf (p.872 = doc 364, pp.873-4 = doc 365), both catalogued."
ca35-d408,35,408,n142,https://archive.org/details/168036072_80_17/page/n142,OK,NA,OK,OK,OK,PARTIAL,PARTIAL,PARTIAL,OK,"Leaf read: 168036072_80_17 n142 (stamp '143', copyist's ink '19' below it — this leaf opens the Tomo VI section, where Savage restarts his pagination). Head: '1841 Mayo 31 San Diego / Franc.o M. Alvarado = V.oB.o José de Jesus Moreno'; body: 'Estado que presenta el depositario de los fondos de la demarcacion de San Diego en el trimestre de Marzo á Mayo del corrte año'; page cite at right: 'p.127'. author OK (both names correct; the 'V.oB.o' role marker for Moreno is not carried). recipient NA (a financial statement; the leaf names no addressee). place, date OK. summary_fidelity PARTIAL: the abstract is accurate on the quarter, the income heads ('Derechos de tiendas y cantinas', 'Multas') and prisoners' food ('Al alc.e para la comida de los presos'), but the merchant is misnamed — the leaf reads 'Abonado á la tienda de E. Fitch' and 'Abonado á E. Fitch' (verified at 2x crop), i.e. Enrique/Henry Fitch of San Diego, not 'B. Fink'. orig_page PARTIAL: the leaf cites 'p.127' but the orig_page field holds the bare tomo numeral 'VI'; the true original page survives only in the summary's '(doc p.127)'. savage_page PARTIAL: blank, though the leaf plainly carries the copyist's ink '19' (the catalogue's own convention elsewhere would write 'VI·19', cf. ca37-d468 'XII·19'). omissions OK: the leaf holds only the tail of doc 407 ('hubo de dar en obedecim.to la contestacion corresp.te') and this statement; both catalogued."
ca35-d673,35,673,n247,https://archive.org/details/168036072_80_17/page/n247,OK,OK,PARTIAL,OK,OK,PARTIAL,PARTIAL,WRONG,OK,"Leaf read: 168036072_80_17 n247 (stamp '248', copyist's ink '124'). Verbatim (verified at 1.9x crop): '+ 1842 Jun. 20 S. Diego / Gongora al pref. del 2o dist. / Que no permite á Juan Osuna entre ó pase con su ganado al aguaje que media á igual distancia entre la casa de Ybarra y el corral de Osuna sito en S. Alejo por no ser suficiente el agua. p.968-9'. summary_fidelity WRONG: the party refused water is JUAN OSUNA (Juan María Osuna of San Diego), not 'Juan Ávila' as catalogued — the misnamed man is the document's whole subject; the abstract also drops that the aguaje lies midway between Ybarra's house and Osuna's corral. Author, recipient ('al pref. del 2o dist.') and date all match. place PARTIAL: leaf reads 'S. Diego' but the place column is blank (carried as '(San Diego)' in author). orig_page PARTIAL: field holds 'VI' (tomo only) while the leaf cites 'p.968-9'; the page survives in the summary's '(doc pp.968-9)'. savage_page PARTIAL: blank though the leaf carries the ink '124'. omissions OK: the leaf's four items (tail 'Flores Com.te militar de Sta Barb.a p.963-5' = doc 671; Jun 8 p.966-7 = 672; Jun 20 p.968-9 = 673; Jun 15 pp.970-1 = 674) are all catalogued."
ca35-d810,35,810,n299,https://archive.org/details/168036072_80_17/page/n299,OK,OK,PARTIAL,OK,OK,PARTIAL,PARTIAL,OK,OK,"Leaf read: 168036072_80_17 n299 (stamp '300', copyist's ink '41'). Verbatim: '+ 1843 = Enero 29 = S. Fernando / J.o M.a Villavicencio á S. Argüello / = / Remite 25 reses. / p. 240'. Author, date and the abstract ('remits 25 cattle', doc p.240) match; recipient OK — 'S. Argüello' legitimately expands to Santiago Argüello, prefect of the 2nd district in 1843. place PARTIAL: leaf reads 'S. Fernando' but the place column is blank (carried as '(San Fernando)' in author). orig_page PARTIAL: the leaf cites 'p. 240' but the field holds 'VII·?', a Savage tomo·page compound rather than the original page; the page survives in the summary's '(doc p.240)'. savage_page PARTIAL: blank, and note the '?' in orig_page asserts the copyist's page is unknown although the leaf carries a perfectly legible ink '41' at top right. omissions OK: the leaf's three items (tail of the Jones–Micheltorena convention ending 'p. 232-233' = docs 807/808; 'S.to Argüello á los jueces 1o y 2o … Enero 7 … p.234-239 (3 docs)' = doc 809; this Villavicencio note = 810) are all catalogued. Unrelated to this record but visible on the same leaf: doc 809's page cite is catalogued 'pp.338-9' where the leaf reads 'p.234-239'."
ca36-d74,36,74,n99,https://archive.org/details/168036072_80_18/page/n99,OK,NA,OK,OK,OK,OK,OK,OK,OK,"Leaf read: 168036072_80_18 n99 (stamp '100' top right; the copyist's ink '42' stands beside the first entry). Third entry verbatim: '1844 - Set.e 8 - Mont. / Micheltorena y Srio. Jimeno. / Circular sobre Decreto de la Asamblea en sesion de 26 Agosto (impresa: 3 ejemplares) - pp. 196-198 - (Vall. Docs.)'. Author, place ('Mont.'), date, orig_page and the abstract all match. recipient NA — a circular; the leaf names no addressee. savage_page '100' matches the stamped number at top right; flagging for the parent that ca36 records the STAMP here while ca35 and ca37 record the copyist's INK number (the ink on this leaf is '42'), so the column mixes two numbering systems across volumes. summary_fidelity OK, though '(impresa: 3 ejemplares)' and the '(Vall. Docs.)' locator are not carried. omissions OK: the leaf's three entries (pp.585-6 = doc 72; pp.187-95 = doc 73; pp.196-198 = doc 74) are all catalogued."
ca37-d59,37,59,n17,https://archive.org/details/168036072_80_19/page/n17,OK,PARTIAL,OK,OK,OK,OK,OK,OK,OK,"Leaf read: 168036072_80_19 n17 (ink '17', stamp '18'). Header: '+ 1834 - Mayo 22 - Mont. / Gob. Figueroa al Alcalde de los Angeles'; the graded entry is the continuation item 'Mayo 10. Que en las solicitudes de terrenos se tomarán las declaraciones de los testigos separadamente - pp. 138-9'. author OK (leaf gives no forename, only the honorific 'Gob.'). recipient PARTIAL: the leaf reads 'al Alcalde de los Angeles' and the catalogue records only 'Alcalde', dropping the identity-bearing qualifier (the catalogue does record such qualifiers elsewhere, e.g. ca37-d468 'Prefecto del 2º Dist'). place ('Mont.'), date, orig_page (pp.138-9) and savage_page (ink '17') all match. summary_fidelity OK: sense identical, though the clause order is rearranged from the leaf's 'se tomarán las declaraciones de los testigos separadamente' — the row is typed 'Savage abstract', not verbatim. omissions OK: all four items on the leaf (pp.133-7, 138-9, 140-1, 142) are catalogued as docs 58-61."
ca37-d139,37,139,n52,https://archive.org/details/168036072_80_19/page/n52,OK,PARTIAL,OK,OK,OK,OK,OK,OK,OK,"Leaf read: 168036072_80_19 n52 (ink '51', stamp '52'). Header '+ 1836 - Abril 29 - Mont. / Gob. Gutierrez á Alcalde de los Angeles'; the graded entry reads verbatim 'Abril 29. Recibió estado de presos - p. 300.' Author, place, date, orig_page (p.300), savage_page (ink '51') and the abstract (verbatim) all match. recipient PARTIAL: the leaf reads 'á Alcalde de los Angeles'; the catalogue records only 'Alcalde'. omissions OK: the leaf's four items (pp.298-9 = doc 138; p.300 = 139; the 'Gob. Chico al Alcalde de los Angeles' Stearns order p.301 = 140; 'Mayo 10' pp.302-3 = 141) are all catalogued."
ca37-d293,37,293,n131–n132,https://archive.org/details/168036072_80_19/page/n131,PARTIAL,PARTIAL,OK,OK,OK,OK,OK,PARTIAL,OK,"Leaves read: 168036072_80_19 n131 (ink '130', stamp '131') and n132 (ink '131', stamp '132'). Entry head: 'Nov.e 30. (5 Docs.) - pp. 658-67'; date, orig_page, savage_page ('130–131') and the doc count all match, and the entry does run across both leaves. author PARTIAL: the leaf's running head names 'José Z. Fernandez'; the catalogue records the bare surname 'Fernández'. recipient PARTIAL: leaf 'al Prefecto del 2o Distrito', catalogue 'Prefecto (5 docs)' — the district is dropped. summary_fidelity PARTIAL, three slips against an otherwise faithful abstract: (1) the leaf reads '- Sobre absolucion de los hijos de Guill.o Cota' (verified at 2x crop; 'absolucion', i.e. acquittal) but the catalogue renders it 'la devolución de los hijos de Guillermo Cota', a different legal matter; (2) inside the quoted Chaguanoso order the leaf reads 'el ausilio q.e pide p.a contener á la partida' (verified at 2x crop) while the catalogue quotes 'pr contener'; (3) the leaf's 'el Teniente Coronel graduado Gumesindo Flores' loses 'graduado' (brevet). The rest of the quotation is accurate: 'pase con la gente y armas necesarias… de ladrones nombrados Chaguanosos, aventureros de todas naciones, y q.e ademas lo autoriza p.a buscar los recursos necesarios', as is the Juan Ramírez item ('permiso p.a establecer un corte de maderas en la Sierra de S.n Bernardino'); two of the group's bullets ('Recibo de docs.' and 'Contestar las dos notas de 26 de Set.e') are not carried, acceptable in an abstract. omissions OK: everything on both leaves (pp.653-5 = doc 291; pp.656-7 = 292; pp.658-67 = 293; pp.668-9 = 294) is catalogued."
ca37-d468,37,468,n200,https://archive.org/details/168036072_80_19/page/n200,OK,OK,OK,WRONG,OK,OK,OK,OK,OK,"Leaf read: 168036072_80_19 n200 (copyist's ink '19' above the stamp '200'). The head reads verbatim, and unambiguously at 4x magnification: '0 1839. Nov. 7. Mont. / Jimeno al Prefecto del 2o Dist.o : Supresion de Ayuntamientos'. date WRONG: the catalogue records 1837-11-07; the leaf's fourth digit is a looped 9, plainly distinct from the '7' of 'Nov. 7' on the same line. The catalogue's 1837 is almost certainly bled in from the statute quoted inside the text ('la ley de 20 de Marzo de 1837', which appears twice). Author, recipient ('al Prefecto del 2o Dist.o'), place ('Mont.'), orig_page ('pp. 225-6' footed on the leaf) and savage_page (the '19' of 'XII·19'; the 'XII' tomo prefix is a section label not verifiable from this leaf alone) all match. summary_fidelity OK — the leaf's verbatim text supports every clause: 'No debiendo existir en este Departamento cuerpo municipal alguno, por no tener ningun pueblo el número de almas que previene la ley de 20 de Marzo de 1837, y aunque debe haberlo en el lugar que sirva de Capital, pero este no ha sido señalado por la Exma. Junta Departamental… he venido en disponer que la Ilustre Corporacion de esa Ciudad se declare disuelta… quedando funcionando de Jueces de Paz las personas que ejercian las veces de Alcalde mientras tanto V.S. nombra los dos Jueces que debe haber en esa ciudad'. omissions OK: this is the only document on the leaf. CONTEXT FOR THE PARENT, NOT VERIFIED BEYOND n200: the surrounding rows 463-472 all carry 1837-11 dates, and row 465 abstracts Alvarado taking formal possession of the governorship, which I believe is a November 1839 event — so the misdating is likely systematic across this Tomo XII stretch and should be re-read leaf by leaf."
ca38-d159,38,159,n59,https://archive.org/details/168036071_80_20/page/n59,OK,NA,OK,OK,OK,OK,OK,OK,OK,"Leaf read: 168036071_80_20 n59 (C-A 38). Entry 4 of 5 reads verbatim: '„ 7  Circular sobre Alcabalas y Contribuciones Directas   (2. Doc)   p.p. 343 — 44.' No sender or addressee is named in the entry, so the empty recipient is legitimate; the governing heading at the top of the leaf is '1843   México.' which supports the bracketed place and the year, and the '„ 7' repeats Dic under the preceding 'Dicbre 6' entries. Top right corner carries printed stamp '59' with '58' in manuscript below it, exactly as recorded. Leaf bears five entries (pp.334-5/-7, 338-40, 341-2, 343-44, 345-48) and the catalogue carries five records for n59 (docs 156-160), so nothing on the leaf is uncatalogued."
ca38-d264,38,264,n95,https://archive.org/details/168036071_80_20/page/n95,PARTIAL,PARTIAL,OK,OK,OK,OK,PARTIAL,PARTIAL,OK,"Leaf read: 168036071_80_20 n95 (C-A 38). AUTHOR: the second heading reads verbatim 'Antº Mª Esnaurrizar al Tesorero Departamtl (Circular)' — the catalogue's 'Ecnaurrízar' substitutes c for s (and drops the forename); the third reads 'Riva Palacios'. RECIPIENT: only the first document is addressed 'al Tesorº de la Alta Califª'; the second is 'al Tesorero Departamtl (Circular)', which the single recipient value does not cover. SAVAGE_PAGE: the corner carries printed stamp '95' with manuscript '94' below; the record cites bare '94' (the manuscript number) without disambiguation, where the sibling record on n59 of the same volume records '59 [stamp] / 58 [hand]'. SUMMARY: three of the four items are abstracted faithfully ('Orden pª que se le descuente al oficial de salud militar Faustino Moro cuarenta pesos mensuales de su sueldo'; 'Ordena el Presidte que á los empleados jubilados se les abone solamente la mitad de su sueldo'; 'El Presidte interino nombra Secretario de Estado en este Despacho al E.S. Dn Luis de la Rosa'), but the 17 March item 'Orden del Presidte para que se omita mandar á la Tesorería gral el Ejemplar del Corte de Caja  p 601' is dropped entirely. Page footings 599-600, 601, 602, 603 confirm the p.599–603 span; dates Marzo 8 / 17 / 17 / 29 confirm 1845-03-08→29. Omissions OK: the record's declared span covers the whole leaf."
ca39-d168,39,168,n336,https://archive.org/details/168036071_80_20/page/n336,OK,OK,OK,OK,OK,OK,OK,PARTIAL,WRONG,"Leaf read: 168036071_80_20 n336 (C-A 39). Heading verbatim: '1843 - Dbre. 3   (Monterey) / Jose Mª Castañares á Pablo Noriega.' with footing 'p.517' and printed stamp '335' at top right — author (ñ flattened to n only), recipient, place, date, both page systems all confirmed. SUMMARY_FIDELITY PARTIAL: the abstract reproduces only the heading and drops the entire substance, which reads 'Que le remita un pase pª el equipage q. embarca Dª Ana Gonzalez en la Goleta California pª Mazatlán.' OMISSIONS WRONG: two entries on this leaf are covered by no catalogue record. At the head of the leaf, '+ Caratula     pp.511_12' (the preceding record, doc 122, ends at p.510 on n335; doc 167 begins at p.513). At the foot, '+ 1843 - Dbre 30 - Monterey / Borrador de Corte de Caja, adelante original  p.532' (doc 170 begins at p.534 on n337; the only vol-39 record citing p.532 is doc 54 at n155, an unrelated 1837 Alvarado naturalization)."
ca40-d407,40,407,n234,https://archive.org/details/168036070_81_2/page/n234,OK,OK,OK,OK,OK,WRONG,OK,OK,OK,"Leaf read: 168036070_81_2 n234 (C-A 40). Heading verbatim: '+ 1834 Feb. 3  Arizpe / José Mª Mendoza - Comis.º Gen. - á Sub. Comis.º de Alta Cal. -'; author, recipient, place and date all confirmed, and the printed stamp at top right reads '233' as recorded. ORIG_PAGE WRONG: the document's original-tomo citation is footed beneath the entry as 'pp 123 _ 6'; the recorded 'p.20' is the manuscript corner number written under the stamp (I magnified it: an underlined '20'), which is a second Savage foliation, not a tomo page — on n275 of the same volume that same corner reads '61', i.e. it tracks the leaf (275−234 = 61−20 = 41). The catalogue itself carries the true value at the end of the summary ('pp 123-6'), and every neighbouring record in this volume (docs 472-485) uses the footed page for orig_page. SUMMARY OK and faithful: 'Le comunica un decreto del Congreso Gen. de 27 Dic. ultº sobre órdenes y libranzas emitidas por el Gobº, reglamentado por el Presidte de la Repª en 3 de Enº 1834 - autorizando que se reciban dhas órdenes ó libranzas en parte de los derechos de aduanas &a.' Leaf carries two entries, both catalogued (docs 406, 407)."
ca40-d480,40,480,n275,https://archive.org/details/168036070_81_2/page/n275,OK,OK,OK,OK,OK,OK,OK,OK,OK,"Leaf read: 168036070_81_2 n275 (C-A 40). Final entry verbatim: '+ 1833 Nov. 9  Arizpe / Gobr. de Sonora — á Comisario Genl / sobre el aflictivo estado financiero del Estado   pp 583_6'. Author, recipient, place, date, footed original pages and summary all match exactly; the printed corner stamp reads '274' as recorded (manuscript corner '61'). Omissions OK: the leaf's other content is the tail of the Set 12–Oct 23 bundle (pp 569-70, 571-2, 573-4, 575-6), covered by doc 477 (n274–275, p.569–576), plus the Oct 29 entry (doc 478) and the Nov 1 / Nov 11 pair (doc 479)."
ca40-d495,40,495,n281,https://archive.org/details/168036070_81_2/page/n281,OK,NA,OK,OK,OK,OK,OK,OK,OK,"Leaf read: 168036070_81_2 n281 (C-A 40). Entry verbatim: '+ 1834 Julio 31  Mont. / Angel Ramirez. Admor de la Aduana - / Certifica que entregó al Sub-comisº por órden del Gefe Político y Comandte Gen. / 28 de Julio ——— $5244. - / 31 „ „ ——— 957.4 /  pp 639-41'. Author, place, date, footed pages and the two sums all confirmed; printed corner stamp reads '280' as recorded (manuscript corner '67'). Recipient legitimately empty: the entry names no addressee (the Sub-comisario is the recipient of the money, not of the document). Omissions OK: the leaf's other content is the tail 'cion de fincas nacionales.  p 638' (covered by doc 494, n280–281, p.638) and the 1834 Nov 12 Figueroa entry (doc 496)."
ca40-d532,40,532,n87–n88,https://archive.org/details/168036070_81_2/page/n87,OK,OK,OK,OK,OK,OK,OK,OK,OK,"Leaves read: 168036070_81_2 n87 and n88 (C-A 40). Heading on n87 verbatim: '+ 1827 Agtº 6  Mont. / Comisario Herrera - á Comisº subaltº de Stª Bárbª - Derechos de importacion de licores fermentados y vinos, estrangeros.' — matches the catalogue's quoted heading word for word. Corners confirm the recorded page note exactly: n87 carries printed '88' / manuscript '87', n88 carries printed '89' / manuscript '88'. The document ends on n88 with the footing 'pp 637 - 8', matching orig_page. The long verbatim quotation checks out against the leaf, including 'Cobrando al aguardte y demás bebidas de fermento estrangeras el 80 pº prevenido, en lugar de 25 % sobre el aforo con arreglo al Arancel Genl.' through '... y al 15% de internacion si la verificaren.', as do the enclosed 'disposiciones de 13 y 28 Feb. 1824 y 21 Feb 1826 (de que acompaña copias)' and the closing 'De todo se llevará cuenta exacta pª poder informar al Supmo Gobo.' Omissions OK: the other content is the tail of the preceding rate schedule (arts 2º and 3º, ending 'pp 635_6'), covered by doc 99, and the 1827 Set. 19 Herrera entry on n88, covered by doc 533. (Aside, not a defect in this record: doc 99's span is stated as n86 / 'p.634+' though its text runs onto n87 and ends at p.636.)"
ca41-d22,41,22,n25,https://archive.org/details/168036069_81_3/page/n25,OK,NA,OK,OK,OK,PARTIAL,OK,PARTIAL,OK,"Leaf read: 168036069_81_3 n25 (C-A 41). Heading verbatim: '1826  Dic. 1.  Sn Francº / Ignacio Martinez - Fragª inglesa de guerra ""Blossom""' — author, place and date confirmed; no addressee is named, so the empty recipient is legitimate. Printed corner stamp reads '25' as recorded (manuscript corner '24'). ORIG_PAGE PARTIAL: the entry is footed 'p 167', which is the original tomo page; the record leads with 'p.24', the manuscript corner number, and relegates the true original page to the parenthesis '(orig. 167)'. SUMMARY_FIDELITY PARTIAL: the tonnage, 16 guns 'del calibre de á 12', London, 'Dn Federico Beechey', '112 hombres de tripulºn', '21 meses de navegºn', 3 tenientes, 2 cirujanos, 1 naturalista, contador and '5 guardias marinas' are all right, but the abstract drops '1 Maestre 1º y 2 segundos' from the complement and drops the leaf's closing clause 'cuya fragª anda al corso', while adding the editorial gloss 'Beechey's Pacific exploring voyage' that is not on the leaf. Omissions OK: the leaf's only other entry, '1826 Dic. 22 Mont. / Migl Gonzalez, Comandte - Entradas y Salidas de buques', is doc 23."
ca42-d5,42,5,n2,https://archive.org/details/168036068_81_4/page/n2,PARTIAL,OK,WRONG,WRONG,OK,OK,OK,WRONG,OK,"Leaf read: 168036068_81_4 n2 (C-A 42). Heading verbatim (magnified to be certain of the digit): '+ 1828 = Agosto 18 = Angeles. / Jº Aº Carrillo al Gefe Supº polº'. DATE WRONG: the leaf reads 'Agosto 18', the record says 1828-08-19 (the following entry on the same leaf, doc 6, is also headed 'Agosto 18' and is dated correctly, so this is not a deliberate disambiguation). PLACE WRONG: the field is empty although the heading supplies 'Angeles'. AUTHOR PARTIAL: the leaf gives 'Jº Aº Carrillo', the record only 'Carrillo'. SUMMARY_FIDELITY WRONG: the body reads 'Manda de su bolsa $50 que el vecino Jn Bautª Alvarado debe á Augusto Duhant Silly, Capn de la fragata francesa, ""Héros"".' — the surname is plainly Alvarado, not the record's 'Urbana[?]', and the sense is reversed: Carrillo remits from his own pocket a sum the vecino OWES Duhaut-Cilly, whereas the record says the vecino 'gave' it to him. Orig_page confirmed by the footing 'p. 10-11'; savage_page confirmed by the printed corner '3' (manuscript corner '2'). Omissions OK: three entries on the leaf, three records (docs 4, 5, 6)."
ca42-d574,42,574,n204,https://archive.org/details/168036068_81_4/page/n204,PARTIAL,NA,OK,OK,OK,OK,OK,PARTIAL,OK,"Leaf read: 168036068_81_4 n204 (C-A 42). Entry verbatim: '+ 1835 = Sbre 26 - Monterey / Aquí hay comunicacion tachada q. sobre el espediente de Salinas remitió el Jefe Político   pp. 920-21'. Place, date and the footed pages 920-21 confirmed; printed corner stamp reads '205' as recorded (manuscript corner '154'). The 'ii.' tomo prefix in orig_page is not contradicted by anything on the leaf but is not visible on it either; the page numbers themselves match. AUTHOR PARTIAL: the field is blank although the leaf names 'el Jefe Político' as the remitter — the record's own summary names him. No addressee is given, so the empty recipient is legitimate. SUMMARY_FIDELITY PARTIAL: 'The Jefe Político remits the Salinas expediente' drops the point of the entry, namely that the communication is 'tachada' (struck out) and that this is the copyist's note recording a cancelled item rather than an abstract of a live document. Omissions OK: four entries on the leaf (p.919; pp.920-21; pp.922-3; the Abril 30 Admor→Castillo Negrete running onto n205), covered by docs 573, 574, 575, 576."
ca42-d806,42,806,n283,https://archive.org/details/168036068_81_4/page/n283,OK,NA,OK,OK,OK,OK,OK,OK,OK,"Leaf read: 168036068_81_4 n283 (stamp 283, ink 52). Entry 1 of 4: '+ 1831. Mzo. 24. Angeles / Sanchez. — Certificado sobre la solicitud de Temple pidiendo carta de naturaleza / pp. 399-400.' Author, place, date (Mzo = marzo), orig pp.399-400 and ink page 52 all match; no addressee is written, so the blank recipient is legitimate. Omissions: the leaf's other three entries (Alvarado 23 Abr pp.402-3; J. A. Chávez 16 En. p.404; M. Duarte 27 Abr) are carried by catalogue rows 807, 808, 809."
ca42-d989,42,989,n338,https://archive.org/details/168036068_81_4/page/n338,OK,PARTIAL,OK,OK,OK,OK,OK,OK,OK,"Leaf read: 168036068_81_4 n338 (stamp 338, ink 107). '+ 1842 Dic. 10. Angeles / S. Argüello al Srio de Gob.o — Jueces. / Avisa que ha nombrado Juez de Paz propietario de S.n Juan Capistrano á Agustin Olvera y para su suplente á Santiago Rios / pp. 885.-6.' recipient PARTIAL: the leaf reads 'al Srio de Gob.o'; the catalogue records only 'Srio', dropping the office qualifier. Everything else matches, incl. ink 107 and pp.885-886. Omissions: the leaf's other three items are rows 990, 991, 992."
ca42-d1048,42,1048,n356–n357,https://archive.org/details/168036068_81_4/page/n356,OK,OK,OK,OK,PARTIAL,OK,PARTIAL,OK,OK,"Leaves read: 168036068_81_4 n356 (stamp 356, ink 6) and n357 (stamp 357, ink 7). The document sits WHOLLY on n356: '+ 1841= Febrero 20 = Ang.s / Ygnacio Palomares al Prefecto del Distrito. / Le adjunta la causa de los asesinos de N Fink y le manifiesta la excitacion pública que reina. / p.s 68-71.' n357 opens a different document ('+ 1841 = Los Angeles / S. Argüello al Gob.o del Depart.o / Marzo 12. Lugo restablecido pasa á ver al Gob.r p.s 74-5', catalogue row 1049). scan_pin PARTIAL and savage_page PARTIAL: the recorded span 'n356–n357' / '6–7' overstates by one leaf; the entry begins and ends on n356 / ink 6. Author, recipient ('al Prefecto del Distrito', exact), place (Ang.s), date and orig pp.68-71 all match. Omissions: n356's other entry (Argüello 5 Marzo, p.s 66-7 y 72-3) is row 1047."
ca42-d1463,42,1463,n507,https://archive.org/details/168036068_81_4/page/n507,OK,PARTIAL,PARTIAL,WRONG,OK,OK,OK,PARTIAL,OK,"Leaf read: 168036068_81_4 n507 (stamp 507, ink 10). Three blocks: (1) '+ 1836 = Angeles. / M.l Requena al Gefe del Dep.o — / Agosto 2. Sobre Correspondencia. (2 doc.) p.s 60-3. / Sbre 14. Sobre elecciones. (2 doc.) p.s 64-6.'; (2) '+ 1836 = Mzo 23 = Angeles. / Tiburcio Tapia al Gefe del Depart.o / Pide un expediente. / p.s 67-69.'; (3) '+ 1836 = Sbre 15 = Angeles. / Man.l Requena al Gefe del Desp.l / Pide armas de fuego para prevenir el robo de caballada que se sabe meditan algunos malhechores. (El Gob.r le manda entregar diez fusiles). / p.s 70-3.' date WRONG: the earliest date in the span is 'Mzo 23' = 23 MARCH 1836 (verified at 3x magnification: '1836 = Mzo 23 = Angeles'), not the catalogued 1836-05-23; the same catalogue reads 'Mzo' correctly as March elsewhere (row 806, '1831. Mzo. 24' = 1831-03-24). End date 09-15 ('Sbre 15') is right. place PARTIAL: the place field is blank although all three headings read 'Angeles' — the datum survives only parenthetically inside the author field, 'Tiburcio Tapia (Angeles)'. recipient PARTIAL: leaf has 'al Gefe del Dep.o' / 'al Gefe del Depart.o'; catalogue truncates to 'Gefe'. summary_fidelity PARTIAL: the abstract covers blocks 1 and 3 accurately (incl. the horse-raid and the ten muskets) but says nothing of Tapia's 'Pide un expediente' at p.s 67-69, which lies inside the claimed span 60–73 and whose author the row itself names. orig 60–73 and ink 10 are correct. Omissions OK: all three blocks fall inside this row's span (neighbours 1462 on n506, 1464 on n508)."
ca42-d1501,42,1501,n540,https://archive.org/details/168036068_81_4/page/n540,OK,PARTIAL,OK,OK,OK,OK,OK,OK,OK,"Leaf read: 168036068_81_4 n540 (stamp 540, ink 43). Third block: '+ 1827 = San José G. / Mariano Castro al Gob.r ... Sbre 2. Ant.o Suñol nombrado depositario del Ayuntam.o  p. 339.' The catalogue's verbatim quote reproduces the leaf exactly, incl. the singular 'p' before 339. recipient PARTIAL: the recipient field is blank although the leaf names an addressee, 'Mariano Castro al Gob.r' — the datum is carried inside the author string instead of the recipient field. Place 'San José G.', date (Sbre = setiembre, 2 Sept. 1827 under the 1827 block heading), ink 43 and stamp 540 all match. Omissions: the leaf's other items (Dic 31 pp.329-30; Octubre 2 pp.331-33; Junio 1o pp.334-6 '(2 doc.)'; Obre 18 pp.337-8) are rows 1496-1500."
ca42-d1517,42,1517,n543,https://archive.org/details/168036068_81_4/page/n543,OK,PARTIAL,OK,OK,OK,OK,OK,OK,OK,"Leaf read: 168036068_81_4 n543 (stamp 543, ink 46). Block: '+ 1827 = San José / Mar.o Castro al Gefe Político.' sixth line: 'Abril 30. - Cambio de secretario.  p.s 371-2.' Quote, date, place, orig pp.371-2, ink 46 / stamp 543 all match. recipient PARTIAL: recipient field blank although the leaf names 'al Gefe Político' — recorded inside the author string rather than the recipient field. Omissions: the block's other five lines (Feb.o 3 p.363; ditto 7 p.s 364-5; Mzo 18 p.367; ditto 7 p.s 368-9; ditto 7 p.370) are rows 1512-1516, and the leaf's two further blocks (José Castro 22 Marzo p.374; Ynocente Garcia 18 Marzo p.s 375-6) are rows 1518-1519."
ca43-d50,43,50,n20,https://archive.org/details/168036067_81_5/page/n20,OK,NA,OK,OK,OK,OK,OK,OK,OK,"Leaf read: 168036067_81_5 n20 (stamp 21 top right, ink 20 beneath it). Under the year sub-heading '1828': 'Enero 31   p.156 / Se establecera correo de Oajaca á Acapulco por Ometepec á Ayutla.' — the catalogue's transcription is exact. Author and place verified from the governing block heading on the preceding leaf n19 (stamp 20 / ink 19): '+ 1827 = Mexico / G.pe Victoria. (Doc.os imp.os)', whose 21 Nov. decree runs over onto the top of n20 and under which the '1828' entries continue; the parenthetical '(president)' is a correct editorial identification, not a leaf reading. No addressee is written anywhere in the block, so the blank recipient is legitimate. Omissions: n20's other entries (Enero 31 p.154; Febrero 1º p.155; Febrero 2 p.157-158; and the new block 'Enero 2 = Mexico / J.é Ag.º Pavón ... p. 159-161') are rows 48, 49, 51, 52, with row 47 carrying the n19–n20 overrun."
ca43-d90,43,90,n27,https://archive.org/details/168036067_81_5/page/n27,OK,NA,OK,OK,OK,OK,OK,OK,OK,"Leaf read: 168036067_81_5 n27 (stamp 28 top right, ink 27 beneath). '+ 1832 = Diciembre 18 = Mexico / Melchor Muzquiz  (Doc.º imp.º)(Decreto) = / Cesa la ley de 27 de Setiembre 1823 / p 225.' Every catalogued value, including the marginal '+' and both page systems, matches; no addressee is named, so the blank recipient is legitimate. Omissions: the leaf's other two blocks (Bustamante, 18 Mayo, p.226-229 '(2 ejemplares)'; Felipe Monjaraz, 26 Setiembre, S. Luis Potosí, p.230-231) are rows 91 and 92."
ca43-d173,43,173,n41,https://archive.org/details/168036067_81_5/page/n41,OK,NA,OK,OK,OK,OK,OK,OK,OK,"Leaf read: 168036067_81_5 n41 (stamp 42 top right, ink 41 beneath). Block heading '+ 1793 = Monterrey / Her.do Sal   (Son copias)'; entry: 'Diciembre 21.   p. 387-391 (4 doc.s) / Estado de aumento de lanzas por $59 — Lista de pistolas, espadas, moarras y lanzas distribuidas por valor de $169 — Nota de efectos distribuidos por valor de $31.' The catalogue's transcription and its caveat (three named pieces under a four-document count, this row = the $59 lance return) are faithful to the leaf; no addressee is written, so the blank recipient is legitimate. Omissions: the leaf's other entries (Dic 16 p.386; Dic 31 p.392-393; Dic 21 p.394; and the 1794 Enero 10 Mexico block, Revilla Gigedo et al., p.395-398) are rows 172, 177, 178, 179, with 174-176 splitting the four-document bundle."
ca43-d745,43,745,n347,https://archive.org/details/168036067_81_5/page/n347,OK,PARTIAL,PARTIAL,OK,OK,OK,WRONG,OK,OK,"Leaf read: 168036067_81_5 n347. '+ 1841. Agosto 19. Pueblo de Dolores / Vicente Miramontes al Pref.to del 1.er Distrito / Representa que habiendosele cumplido su termino de Juez sea relevado del empleo por carecer de capacidad, para su desempeño / p. 507.' savage_page WRONG: the record enters '—' (no page), but the leaf carries BOTH numbers at top right — printed stamp '347' and, beneath it in ink, '120.' (confirmed on a 3x crop of the corner); the catalogue's own convention for this volume records exactly that pair, e.g. row 947 on the facing leaf gives '346 [stamp] / 119 [hand]'. place PARTIAL: the place field is blank although the heading reads 'Pueblo de Dolores' — the datum survives only inside date_text ('1841-08-19 Dolores'). recipient PARTIAL: leaf reads 'al Pref.to del 1.er Distrito'; catalogue truncates to 'Pref.'. Date, orig p.507 and the quoted phrase 'por carecer de capacidad para su desempeño' match. Omissions: the leaf's other two entries (Guerrero, 1 Julio, p 507; Guerrero, 6 Setiembre, p.p 510-11) are rows 744 and 746."
ca43-d922,43,922,n430,https://archive.org/details/168036067_81_5/page/n430,OK,PARTIAL,OK,OK,OK,OK,OK,OK,OK,"Leaf read: 168036067_81_5 n430 (plus n429 for the running head). n429 carries the governing rubric verbatim: '+ 1843 = Angeles / Micheltorena al Prefecto'. On n430 the fourth sub-entry reads 'Marzo 30 [rule] p.484. / Que se aprueba el nombramiento á Juez de Salvio Pacheco para S. J.é Guadalupe., Como Juez propietario.' — matches the catalogue summary word for word, orig_page p.484 confirmed at high zoom. Top-right of n430 carries the printed stamp '430' with a handwritten '51' beside it, exactly as recorded. Forename 'Manuel' is an editorial supply (leaf says only 'Micheltorena'), uncontradicted, so author graded OK. RECIPIENT = PARTIAL only because the recipient field is empty while the leaf names an addressee ('al Prefecto'); the datum is in fact recorded, but concatenated into the author string — a schema fault, not a factual error. Omissions: the leaf bears exactly five entries (Junio 18, Junio 6, Marzo 15, Marzo 30, and a new head '+ 1843 = Noviembre 23 = Monterrey / Feliciano Vivaldo á Alvarado'), all five covered by CA43 docs 919-923."
ca44-d155,44,155,n177,https://archive.org/details/168036066_81_6/page/n177,PARTIAL,NA,OK,OK,OK,OK,OK,OK,OK,"Leaf read: 168036066_81_6 n177. Heading verbatim: '+ 1829.- Mayo 18.- Mexico.' Text verbatim: 'Decreto indultando al Sub-Teniente Benito Rodrig.z por el delito de abandonar un destacamento en la guarnicion de Campeche. / p. 184.' Catalogue summary reproduces this exactly; place, date and orig_page all confirmed. Stamp '177' with handwritten '26.' beneath it, as recorded. AUTHOR = PARTIAL: the leaf names no issuing authority at all — the heading is date+place only. The verified parts of the field ('general decree', 'no addressee stated') are true of the leaf; the attribution 'Gobierno Supremo' is an editorial supply not attested here. RECIPIENT = NA: the leaf genuinely offers no addressee. Omissions: three entries on the leaf (Mayo 19 / Mayo 18 / Mayo 29), covered by CA44 docs 154, 155, 156."
ca44-d361,44,361,n259,https://archive.org/details/168036066_81_6/page/n259,OK,PARTIAL,OK,OK,OK,OK,OK,OK,OK,"Leaf read: 168036066_81_6 n259. Heading: '+ 1833.- Junio 11.- Mejico.' Text: 'Decreto del Cong.o gral. declarando acto de patriotismo heroico, poner en libertad al Presid.te de la Republica D. Ant.o Lopez de Santa Anna; ofreciendo á los q. lo verificasen la gratitud nacional, condecoraciones personales en el orden civil y militar y á mas cien mil pesos de recompensa, q. podrá extenderse hasta medio millon escediendo de diez el numero de los libertadores — (Esta prision fué, la q. se hizo á Santa Anna en Morelia por sus mismas tropas. - R.V.S.) / pp. 564-65.' Every element of the catalogue entry — verbatim quote, half-million gloss, Savage's parenthetical note and its flagged initials — checks out. Stamp '259' / hand '106.' confirmed. RECIPIENT = PARTIAL: the field holds 'national decree', which is a genre descriptor, not an addressee; the leaf names no addressee, so the field should be empty. Omissions: two entries on the leaf (Junio 1º and Junio 11), covered by CA44 docs 360 and 361."
ca44-d452,44,452,n308,https://archive.org/details/168036066_81_6/page/n308,OK,NA,OK,OK,OK,OK,OK,OK,OK,"Leaf read: 168036066_81_6 n308. Heading verbatim: '+ 1826. = Mayo 23. = México. / Lorenzo de Zavala, Presidente del Senado.' Text: 'Decreto sobre q.e Sup.ma Corte de justicia ejercerá por ahora en el Distrito y Territorios las atribuciones q.e por ley de 9 de Octubre de 812 correspondian á las audiencias de Ultramar. q.e se componian de 3 salas, en cuanto no se opongan á la Constitucion y leyes de la Union. / p.p. 15-16.' Catalogue matches on every graded field, including the unusually precise savage_page note: the printed stamp reads '308' and the handwritten '6.' sits ABOVE it, exactly as described. No addressee on the leaf, so recipient NA. Omissions: three entries (Mayo 23 Zavala; Agosto 22 Espinosa de los Monteros; Mayo 17 Esteva), covered by CA44 docs 452, 453, 454."
ca44-d552,44,552,n337,https://archive.org/details/168036066_81_6/page/n337,OK,NA,OK,OK,OK,OK,OK,OK,OK,"Leaf read: 168036066_81_6 n337. Heading verbatim: '+ 1834. = Febrero 12. = México. / Lombardo' followed by 'Sobre Consulados.   p.p. = 220 = 21.' Author, place, date, orig_page and the one-line abstract all match exactly. Stamp '337' with handwritten '35' above it, as recorded. No addressee on the leaf, so recipient NA. Omissions: four entries on the leaf (Julio 23 R. Arizpe; Sbre 30 José Mª Tornel; Febrero 12 Lombardo; Dbre 7 Bocanegra), covered by CA44 docs 550-553."
ca45-d16,45,16,n32,https://archive.org/details/168036066_81_7/page/n32,PARTIAL,PARTIAL,PARTIAL,PARTIAL,OK,OK,PARTIAL,OK,OK,"Leaves read: 168036066_81_7 n32, with n30 and n31 read to establish the document. The text abstracted here is the TAIL of one continuous oficio that begins on n30 under the heading 'o 1825 - Mayo 2 - Mont. / Luis Ant.o Argüello al Ayuntamiento de San José.' Continuity verified across the page breaks (n30 ends 'y como tanto por el' → n31 'tiempo prefijado por la Constitucion Española...'; n31 ends 'si se hiciere esfuerzo á que se' → n32 'pusiera dcha. Corporacion...'). The quoted matter on n32 is accurate: 'este de California no se puede reputar por Estado sino en Territorio unido al de Mejico', 'este de California ya se sabe pertenece á Mejico y no á otro Estado de la Federacion', 'que esto es interinamente hasta resuelva otra cosa el Supremo Gobierno á quien consulto sobre el particular. / pp.117-18' — hence summary_fidelity and orig_page OK. AUTHOR PARTIAL: leaf gives 'Luis Ant.o Argüello'; catalogue truncates to 'Argüello' and labels the genre 'bando/sentir' where the leaf shows an oficio to the ayuntamiento (the word 'sentir' is drawn from its own text, 'se haga público este mi sentir'). RECIPIENT PARTIAL: 'al Ayuntamiento de San José' stands in the leaf heading and is recorded nowhere in the record. PLACE PARTIAL: leaf heading reads 'Mont.'; the place field is empty and Monterey survives only as a bracketed guess inside the author string. DATE PARTIAL: catalogue '~1825' where the leaf gives the exact '1825 - Mayo 2'. SAVAGE_PAGE PARTIAL: recorded as '—' (this volume's null marker, used on 99 early CA45 records), but n32 plainly carries the printed stamp '32' with handwritten '31' beside it. SCAN_PIN OK — the abstracted passage and its page cite are on n32 — though the document actually spans n30-n32 and its opening is catalogued separately as CA45 doc 14. Omissions OK: n32 holds only this tail plus the new head '1826 - Abril 17 - Monterey. / Los abajo firmados nombrados', which is CA45 doc 382 (n32-n33)."
ca45-d244,45,244,n330,https://archive.org/details/168036066_81_7/page/n330,OK,PARTIAL,OK,OK,OK,OK,OK,OK,OK,"Leaf read: 168036066_81_7 n330. Second heading on the leaf verbatim: '+ 1843 = Establecim.to de Dolores / Jesus Noé al Sub=Prefecto.' then '+ Febrero 15.    pp = 166=7.' (page cite re-checked at 3x zoom: '166=7') and 'En solicitud que la Mayordomía preste los ausilios necesarios para la pronta remision y seguridad de las causas que tenga que remitirle sin dilacion' — the catalogue reproduces this exactly. Stamp reads '328' with handwritten '26.' (note the stamp is two behind the scan index here; the catalogue has it right). RECIPIENT PARTIAL for the same structural reason as elsewhere: 'al Sub-Prefecto' is on the leaf and is recorded inside the author field, leaving the recipient field empty. Omissions: four entries on the leaf (Enero 25 docs 1 and 2, Febrero 13, Febrero 15), covered by CA45 docs 241-244."
ca45-d249,45,249,n332,https://archive.org/details/168036066_81_7/page/n332,OK,PARTIAL,OK,OK,OK,OK,OK,OK,OK,"Leaf read: 168036066_81_7 n332 (n331 also read to fix the stamp sequence). Heading verbatim: '+ 1843 = San Francisco. / Sanchez al Sub=Prefc.to del Distrito.' then '+ Marzo 13 (2 docs.)   pp = 172=3=4', sub-entry '2. Enterado de la providencia tomada con la Bernal' — matches the catalogue exactly, and the following entry does name 'la Emiliana Bernal', as the record states. Forename 'Francisco' is an editorial supply (leaf says only 'Sanchez'), uncontradicted, so author OK. SAVAGE_PAGE OK: the stamp's upper halves are missing so only '3?0' is directly legible, but n331 stamps '329', fixing n332 at 330, and the hand number '28.' is clear — both recorded values are right (the record's gloss 'clipped by scan edge' is imprecise: the digits are faintly printed, the leaf edge is well clear of them). RECIPIENT PARTIAL: 'al Sub-Prefec.to del Distrito' is on the leaf and recorded only inside the author string. Omissions: four items on the leaf (Marzo 13 docs 1 and 2; a second Marzo 13 head 'Sanchez al Juez de Paz de San José'; Abril 10), covered by CA45 docs 248-251."
ca45-d490,45,490,n187,https://archive.org/details/168036066_81_7/page/n187,OK,PARTIAL,OK,OK,OK,OK,OK,OK,OK,"Leaf read: 168036066_81_7 n187 (n185 and n189 also read to decipher the hand-number). Running head verbatim: '+ 1836. Mont. / Gutierrez al alc.de de S. José.'; sub-entry 'Abril 16.   (2 docs)    p.p. 22-3' with the text 'Acusa recibo de actas celebradas para la renovacion de alcalde y sindico del pres.te año y tambien de la relacion de presos remitidos á el por el alcalde.' — the catalogue's 'verbatim' string is exact. SAVAGE_PAGE OK: printed stamp '186' confirmed at 4x; the hand mark beside it is a single glyph plus a period, and the neighbours settle it — n185 carries '5.' against stamp 184 and n189 carries '9.' against stamp 188, so n187 is '7.' as recorded. (The claim that it is PENCIL rather than ink cannot be tested in a monochrome scan; the number itself is right.) Forename 'Nicolas' is an editorial supply, uncontradicted. RECIPIENT PARTIAL: 'al alc.de de S. José' is on the leaf and recorded only inside the author string. Omissions OK: five sub-entries on the leaf (Abril 20, Abril 16, Abril 8, Marzo 22, Marzo 14), covered by CA45 docs 489-493 — though note the leaf's 'Marzo 22. (2 docs)' and 'Marzo 14. (2 docs)' each carry two distinct abstracts bundled into a single record, so no document is uncatalogued but two are not separately addressable."
ca46-d100,46,100,n74,https://archive.org/details/168036065_81_8_regular/page/n74,OK,OK,OK,OK,OK,OK,OK,PARTIAL,OK,"Leaf read: 168036065_81_8_regular n74, with the disputed word re-fetched at scale=1. Heading verbatim: 'o 1823 - Nov.e 12 - Mont.y / Argüello al Com.te del Pres.o de S.n Fran.co : Buqué.' Author, recipient, place, date all exact; cite 'p. 52.' exact; stamp '75' with handwritten '74.' below it, matching 'savage_page 75/74'. SUMMARY_FIDELITY = PARTIAL: inside a passage presented as verbatim, the catalogue quotes «en la Punta de la Concepcion», but the leaf reads 'en la Junta de la Concepcion'. At full resolution the initial letter is a tall narrow loop with a long tail crossing below the baseline — identical to the copyist's capital J in 'D.n José Reymundo Estrada' and 'D.n José Maria Ortega' on this same leaf, and unlike his capital P in 'la Mis.n de la Purisima' two lines below, which has a closed bowl and no descender. The substance is unaffected (the same sentence later says 'p.r dha. punta, q.e se halla entre la Mis.n de la Purisima y Rancho del Difto. D.n José Maria Ortega'), so the Point Conception gloss stands; the defect is in the transcription of one word inside quotation marks. Everything else quoted checks out, including 'es aprofrica ó equivocac.n de V. en el nombram.to del parage'. Omissions OK: n74 holds the tail of the preceding oficio ('...D.n José Reymundo Estrada, y de baja en la clase q.e obtenia. pp.51-2' = CA46 doc 98, n73-n74), this 'Buqué' entry, and the opening of the 'Efectos' entry (= doc 101, n74-n75); nothing on the leaf is uncatalogued."
ca46-d133,46,133,n98,https://archive.org/details/168036065_81_8_regular/page/n98,OK,PARTIAL,OK,OK,OK,OK,OK,OK,OK,"Read leaves n98, n99, n100 of 168036065_81_8_regular. n98 second entry: '1824 - Mzo 3 - San Fran.co / Arguello á Ramirez' — place, date and author confirmed. Doc runs n98→n100 and ends at top of n100 with the footed 'pp. 71-2.', so orig_page 'pp.71-2' is exact. n98 stamp: printed '99', ms '98.' = catalogue '99/98.' exact. Summary verified verbatim across all three leaves: 'Sin embargo del rigoroso tpo. q.e está haciendo en este Pres.o de Aguas, me hallo en este instante con el pié en el estrivo p.ª marchar'; '...los vecinos y invalidos útiles, asi como los milicianos y Sold.s de Infant.ª q.e á cargo del sub-ten.te D.n Fran.co del Manso, salgan p.ª la Mis.n de S.n Luis Obispo el mayor núm.o q.e se pueda'; 'uno de los cañones violentos de á 4 q.e hay en ese Pres.o con su corresp.te dotac.n y los Artill.s Veteran.s Fran.co Vaisualdo, Man.l Flores y Octaviano Gutierrez'; 'dejo á la disposicion de este y del citado Haro, la prudencia... mientras no se rescaten los prisioneros q.e se hallan en poder de los Indios, p.s aquellos seguram.te corren ntro. riesgo'; 'yo desp.s tomaré las provid.s necesarias p.ª el castigo de los cabecillas'; 'al repetido Cap.n D.n José de la Gr.ra ahora se las reitero de nuevo'. RECIPIENT = PARTIAL only: the recipient field is empty although the leaf heading names him — 'Arguello á Ramirez'; the name is folded into the author string instead of being parsed out (same convention runs through d131-d136). Omissions OK: the other document on n98 (the Feb 29 letter ending 'p. 70.') is catalogued as ca46-d132."
ca46-d236,46,236,n186,https://archive.org/details/168036065_81_8_regular/page/n186,OK,OK,OK,OK,OK,OK,OK,OK,OK,"Read leaf n186 of 168036065_81_8_regular. Heading verbatim: '1823 - Jun.o 10 - Mont.y / Arguello á (Ruiz) :  Pago de Diezmos.' — author, the parenthesised recipient '(Ruiz)', place and date all match. Stamp printed '185', ms '184.' = catalogue '185/184'. Footed 'p. 125.' = catalogue p.125. Quoted passages match the leaf verbatim, including 'esta muy bien se lleve á puro y debido efecto lo q.e mi antecesor Cor.l D.n Pablo Vic.te de Sola, dejó á V. ordenado respeto á la recoleccion de Diezmos q.e debio y debe satisfacer la Mis.n de S.n Gab.l de los ganados introducidos en los Sitios del Rancho de Sta. Getrudis perteneciente á los Nietos' and 'ya pasaré la órd.n al Alcalde del Pueblo q.e haga lo exhiban en el n.o de Cabezas q.e les corresp.a, y al mismo tpo. q.e les haga entender se abstengan de ver con tanta indiferencia las prim.s atenciones de la tropa.' Two minor editorial points, not graded down: the leaf reads only 'el Alcalde del Pueblo' (Los Ángeles is the catalogue's identification, not the leaf's), and I magnified the disputed word to confirm it is 'los demas individ.s' (not 'indios'), which supports the catalogue's 'other individuals'. Only one document on the leaf; nothing uncatalogued."
ca46-d707,46,707,n401,https://archive.org/details/168036065_81_8_regular/page/n401,OK,OK,OK,OK,OK,OK,OK,OK,OK,"Read leaf n401 of 168036065_81_8_regular. Fourth and last entry on the leaf, verbatim: '1826 = Abril 19 = Monterrey / Ant.o Valle á Luis Arguello  =  Que no puede ejercer ningun acto estando arrestado.  p. 79-80' — author, recipient, place (Savage spells 'Monterrey'), date, orig_page and the quoted abstract all match exactly. Savage page: I magnified the top-right corner; the printed stamp is badly inked and reads '3?5' with the middle digit only half printed, the ms number is a clear '15' — the catalogue's '395 (faint) / 15' is an honest reading and is consistent with n400 (394/14) and n402 (396/16). Omissions OK: the leaf's other three entries are catalogued — Miguel Gonzalez Abril 29 'p. 75 y 81 (Por mala encuadernacion)' = d704, 'J. M.a Estudillo á Luis Arguello... Le manda á Antonio Valle p.76-77' = d705, 'Arrillaga á (sin direccion)... Manda un oficio p.78' = d706."
ca47-d198,47,198,n35,https://archive.org/details/168036065_81_9_2/page/n35,OK,OK,OK,OK,OK,OK,PARTIAL,OK,OK,"Read leaf n35 of 168036065_81_9_2. Run header on this very leaf: '(Doc.s de Echeandia - Continuan)', section head '1826 = S. Diego'; fourth entry: 'Al Com.te de S.n Diego / Mayo 2 ... p. 134 / Que reunsca á el los Civicos de las escoltas de S. Gabriel, S. Juan Capistrano y S. Luis Rey.' Author, recipient, place, date, orig_page and the verbatim quote all match (the catalogue even preserves Savage's odd 'reunsca'). SAVAGE_PAGE = PARTIAL: the field is empty, but the leaf plainly carries both numbers — printed stamp '35', ms '34' in the top right. This is a volume-wide gap in C-A 47 (every ca47 row in the export has savage_page blank), not a one-off. Omissions OK: all five entries on n35 are catalogued (d195 'Segrega á Dimas de la neofía de S. Juan Capistrano' p.132; d196 diezmo p.132; d197 '(doc tachado)' p.133; d198; d199 'Al alc.de de Los Angeles' p.134)."
ca47-d215,47,215,n40,https://archive.org/details/168036065_81_9_2/page/n40,OK,OK,OK,OK,OK,OK,PARTIAL,OK,OK,"Read leaf n40 of 168036065_81_9_2 (header '(Doc.s de Echeandia - Continuan)', section '1826 = S. Diego'). Second entry verbatim: 'Al Com.te de S. Diego / Mayo 15 ... p. 151-152 / Que Santiago Argüello está encargado de la habilitacion' — author, recipient, place, date, orig_page and abstract all match. SAVAGE_PAGE = PARTIAL: field empty though the leaf carries printed '39' and ms '38' at the top right. Omissions OK: the leaf's five entries are all catalogued (d214 Fran.co Haro p.150; d215; d216 'A J. M. Herrera... (Lo mismo que precede)' p.152-153; d217 'Que reciba de fr. J.e Sanchez $500 que le ha de dar' p.153; d218 'A fr. José Sanchez... $500 á c.ta de los $1500 que prometió' p.154)."
ca47-d274,47,274,n57,https://archive.org/details/168036065_81_9_2/page/n57,OK,OK,OK,OK,OK,OK,PARTIAL,OK,OK,"Read leaf n57 of 168036065_81_9_2. Third entry: '1827 En.o 16 S. Diego / Echeandia al Com.te de Monterey ... p. 8-9' followed by the full abstract, which I checked word by word against the catalogue string: 'Que se forme el Acta de eleccion de Ayuntamiento como deja espresado, y que desde luego quedará eximido del conocimiento de todos los asuntos civiles no concernientes á Misiones ausiliando al alcalde con su parecer como asesor de los asuntos judiciales de prim.a instancia, pero si faltan las formalidades de dha eleccion, que siga como antes encargado de lo civil mientras se constituye legalm.te el ayuntamiento.' Exact. SAVAGE_PAGE = PARTIAL: field empty; magnified the corner — the leaf carries printed '55' and ms '4' (this is where the copyist's own numbering restarts for a new tomo). Omissions OK: n57's four entries = d272 ('Siguen dos decretos sobre licencias de dos sold.s' p.8), d273 ('Sobre reclutas inútiles' p.8), d274, d275 ('Sin interes' p.10)."
ca47-d316,47,316,n67,https://archive.org/details/168036065_81_9_2/page/n67,OK,OK,OK,OK,OK,OK,PARTIAL,OK,OK,"Read leaf n67 of 168036065_81_9_2. First full entry: '1827 En.o 26 S. Diego / Echeandia al Com.te de Monterey / Devuelve un of.o p.a que lo firme.   p. 37' — every graded field matches, including the abstract verbatim. SAVAGE_PAGE = PARTIAL: field empty though the leaf carries printed '65' and ms '14'. Omissions OK: the four entries on n67 are catalogued (d316; d317 'al alcalde de S. José Guad.e / Que recibió su escrito' p.37; d318 'al Com.te de S. Fran.co / Que le remite el escrito del alcalde de S. José p.a que proceda como sea justo' p.37; d319 '4 artilleros' p.37-8). Flagged for the span work, not counted against this record: the top of n67 carries the tail of d315 ('pasa temerariam.te cuando dice que como cap.n y com.te de su arma no debe remitirle los presupuestos...'), yet d315's scan is recorded as 'n66' alone rather than n66-n67."
ca47-d833,47,833,n189,https://archive.org/details/168036065_81_9_2/page/n189,OK,OK,OK,OK,OK,OK,PARTIAL,OK,OK,"Read leaf n189 of 168036065_81_9_2. First entry verbatim: '1827 En.o 12 San Diego / Echeandia á los M.tros de Relaciones y Hac.da / Sobre coresp.a    p. 471 / p. 472-3 tachadas' — author, the plural recipients (legitimately expanded to 'Ministros de Relaciones y Hacienda'), place, date, orig_page p.471 and the parenthetical 'p.472-3 tachadas' all confirmed. SAVAGE_PAGE = PARTIAL: field empty though the leaf carries printed '185' and ms '134'. Omissions OK: the rest of n189 is covered — the '1827 S. Diego / Echeandia al M.tro de Relaciones' block En.o 12 p.474-6 (d834), En.o 18 'Sin interes' p.476-7 (d835), En.o 19 '(3 doc., p.477-80)' (d836 + d837 'Dos Indices de coresp.a'), and '1827 Mzo 3 S. Diego ... Envia Bando p.480-2' (d838)."
ca47-d1055,47,1055,n267,https://archive.org/details/168036065_81_9_2/page/n267,OK,OK,OK,OK,OK,OK,PARTIAL,OK,OK,"Read leaf n267 of 168036065_81_9_2. First entry verbatim: '1828 - S.n Diego. / Echeandia á Com.te de S.ta Barb.a / Julio -18- Sobre repetidas solicitudes de licencia p.a contraer matrimonio con una hija del pais q.e ha hecho Guill.o Dana. - pp. 333-4.' All graded fields match; the '(William G. Dana)' gloss is an editorial identification, not a misreading. SAVAGE_PAGE = PARTIAL: field empty though the leaf carries printed '260' and ms '69'. Omissions OK: the leaf's other entries are catalogued — 'A Cap.n Argüello, Com.te de S.n Fran.co / Julio 18 - Pertenecer sitio de los Zanjones... p.334' (d1056), '19 (3 Docs) pp.335-6' (d1057), '28. Traslada nota q.e en 14 de aquel mes pasó á Alferez Domingo Carrillo p.336' (d1058)."
ca47-d1369,47,1369,n349,https://archive.org/details/168036065_81_9_2/page/n349,OK,OK,OK,OK,OK,OK,PARTIAL,OK,OK,"Read leaf n349 of 168036065_81_9_2 (section head '1828 - S.n Diego. / Echeandia á ...'). Fourth entry verbatim: 'A P.e Narciso Durán. / Dic.e 6 - Hacer contrata con Cap.n de Fragata ""Franklin"" de acuerdo con Com.te de S.n Fran.co p.a cambio de cueros y sebo p.r efectos q.e nesecite la guarnicion. - pp. 621-2.' Author, place, date and orig_page match; recipient 'Fr. Narciso Duran' for the leaf's 'P.e Narciso Durán' is a legitimate equivalence (Duran was a Franciscan), so OK. The catalogue silently normalises Savage's 'nesecite' to 'necesite' — trivial, not graded down. SAVAGE_PAGE = PARTIAL: field empty though the leaf carries printed '342' and ms '151'. Omissions OK: n349's other entries are catalogued — d1365 (Richardson's $83 to Mission S. Miguel, p.619), d1366 ('A Cap.n Miguel Gonzales / Remision de docs' p.619), d1367+d1368 ('A Com.te de S.n Fran.co / (2 Docs) pp.620-1'), d1370+d1371 ('(2 Docs) pp.622-3', which run onto n350)."
ca47-d1536,47,1536,n391,https://archive.org/details/168036065_81_9_2/page/n391,OK,OK,OK,OK,OK,OK,PARTIAL,OK,OK,"Leaf read: 168036065_81_9_2 n391 (ink '193' on the header line, printed stamp '384' top right). Header: '+1828 - Sta Barbª / Echeandía á Comte de Compª de Mazatlan.' Second block: 'A Comte de Sn Diego. / Mzo. 13 - (3 Docs) - pp. 794-6 - Procurar aprehension de Tambor de su Compª Juan Astorga, qe se fugó.' Author, recipient, place (Sta Barbª), date (Mzo 13, 1828), orig_page (pp. 794-6), doc-count (3 Docs) and the quoted abstract all match verbatim. savage_page PARTIAL: field is blank although the leaf carries a page number top right ('384' stamped, '193' in Savage's ink); this is systematic, 0/1,626 ca47 rows carry savage_page. Omissions OK: the leaf holds five entry-blocks (pp.793-4, 794-6, 796-8 'sin interés', 798-9, 800) and the catalogue carries all five (d1535-d1539)."
ca48-d67,48,67,n46–n47,https://archive.org/details/168036065_81_10/page/n46,PARTIAL,NA,PARTIAL,OK,OK,NA,PARTIAL,OK,OK,"Leaves read: 168036065_81_10 n46 (stamp 47) and n47 (stamp 48). Foot of n46 carries a STRUCK-THROUGH header, verbatim: '1829. Enº 2. Sn Diego.' with, beneath it, 'Echeandía á &c' — both lines cancelled by a ruled line. n47 is entirely blank (stamp 48). So the record's core claim (header only, then a blank leaf) is verified, as is the date reset: the preceding document (n44-n46, ending 'p. 273-4') is to the Min. de Relaciones dated Nov 1829, and the next catalogued item (n48) is 1829-01-02 to the comandante de Sta Bárbara. author PARTIAL: catalogue gives '—' but the leaf does name 'Echeandía' (struck). place PARTIAL: blank, though the struck header reads 'Sn Diego'. recipient NA: the leaf gives only 'á &c'. orig_page NA: the cancelled header bears no page citation ('p. 273-4' belongs to the preceding document). savage_page PARTIAL: blank though the two leaves are stamped 47 and 48. Summary does not mention that the header is cancelled, but is otherwise accurate. Omissions OK (d66 covers the report above it; nothing else on either leaf)."
ca48-d161,48,161,n77,https://archive.org/details/168036065_81_10/page/n77,OK,OK,PARTIAL,OK,OK,OK,PARTIAL,OK,OK,"Leaf read: 168036065_81_10 n77 (stamp 78). Fourth block, verbatim: 'Id / Al Tenté Ign. Martinez. ""Sitio del Pinole"" / Queda enterado qe sacó su ganado de la mision de Sn Frco pa. la quebrada del Pinole, en cual sitio lo obtuvo el de Luis Antº Arguello. p. 353.' Author (leaf header 'Echeandía'), recipient, date, orig_page p.353 and the abstract all match. place PARTIAL: catalogue blank, but the leaf header reads '1829. Feb. 6. S. Diego.' (ca48 records place for only 119 of 1,209 rows). savage_page PARTIAL: blank though the leaf is stamped 78. Omissions OK: four blocks on the leaf (p.351 Salsipuedes, p.351-2 Isla de los Angs, p.352 al comate de Sn Frco, p.353 Martínez) = catalogue d158-d161."
ca48-d295,48,295,n127,https://archive.org/details/168036065_81_10/page/n127,OK,OK,PARTIAL,OK,OK,OK,PARTIAL,OK,OK,"Leaf read: 168036065_81_10 n127 (ink 127, stamp 128). Verbatim: '+1829. Abril 7. S. Diego. / Echeandía al subtte Juan José Rocha. — / Pide informes sobre los soldados de la compª auxilr de S. Blas, qe estan á su cargo. — p 485-6.' Author, recipient, date, orig_page and abstract all match. place PARTIAL: catalogue blank, leaf header reads 'S. Diego'. savage_page PARTIAL: blank though the leaf is stamped 128. Omissions OK: the leaf holds the tail of the 'Brooklyn'/cuentas item (d294, ending 'p. 484-5'), this item, and the Abril 9 item to 'el capitán de artª, Gonzalez' (d296) — all catalogued."
ca48-d592,48,592,n223,https://archive.org/details/168036065_81_10/page/n223,OK,OK,PARTIAL,OK,OK,OK,PARTIAL,OK,OK,"Leaf read: 168036065_81_10 n223 (ink 223, stamp 224). Last block, verbatim: 'Id. / al alfz Jº Mª Ramirez. / Cuentas militrs' standing under the group head 'Set. 10.  p. 769.' Author (header 'Echeandía'), recipient (expansion of 'alfz Jº Mª Ramirez' is legitimate), date 10 Sep 1829, orig_page p.769 (inherited from the Set. 10 group head, as for d590 and d591) and the abstract 'cuentas militares' all match. place PARTIAL: catalogue blank, leaf header reads '+1829. Set. 9. S. Dº.' savage_page PARTIAL: blank though the leaf is stamped 224. Omissions OK: six blocks on the leaf = catalogue d587-d592."
ca48-d693,48,693,n257,https://archive.org/details/168036065_81_10/page/n257,OK,OK,NA,OK,OK,OK,PARTIAL,PARTIAL,OK,"Leaf read: 168036065_81_10 n257 (ink 258, stamp 259). Verbatim: 'Id. 26.  p. 885-8.  (2 docs) / al comndte de S. Dº / Le manda citar los guardias civicos, pa. asistir á combatir contra Solis si fuera preciso. — Manda prender al sargento Medraño por subversivo al gobno'. Author (chained 'Id.' from '+1829. Nov. 25. / Echeandía'), recipient, date (26), orig_page p.885-8 and the 2-doc count all match. summary_fidelity PARTIAL: the catalogue renders the militia as 'guardias civiles'; the leaf reads 'guardias civicos' (civic militia, a different body from the guardia civil) — and the leaf spells the sergeant 'Medraño'. place NA: unlike the surrounding leaves, this header ('+1829. Nov. 25.') carries no place. savage_page PARTIAL: blank though the leaf is stamped 259. Omissions OK: the four blocks (tail of the Solís circular ending 'pp. 879-84', p.884 recibo, this item, and 'Dic. 4 / al P. de Sn Diego / Cuestion de tierras … p. 888') = d691-d694."
ca48-d739,48,739,n280,https://archive.org/details/168036065_81_10/page/n280,OK,OK,PARTIAL,OK,OK,OK,PARTIAL,PARTIAL,OK,"Leaf read: 168036065_81_10 n280 (stamp 280). Verbatim: 'A Alcalde de los Angeles / "" 18 — Que en virtud de estar escaso el erario, debuelve las armas. p 24.' under the header '+183[0] — Stª Barbara. / Echeandía á Guarda Ramon Estrada' with first entry 'Enº 18'. Author, recipient, date (18 Jan 1830) and orig_page p.24 match. summary_fidelity PARTIAL: the catalogue reads 'the erario having ceased' — the leaf says 'estar escaso el erario' (the treasury being short/scarce, not ceased); and 'debuelve' is indicative ('he returns the arms'), not the imperative the abstract implies. The substance (fiscal shortage → arms returned) is right. place PARTIAL: catalogue blank, leaf header reads 'Stª Barbara' — notable, since the surrounding ca48 headers are San Diego. savage_page PARTIAL: blank though the leaf is stamped 280. Omissions OK: four blocks (p.23 Ramón Estrada, p.24 alcalde, pp.24-25 Carrillos, p.25 Zamorano) = d738-d741."
ca49-d19,49,19,n5,https://archive.org/details/168036065_81_11/page/n5,OK,OK,OK,OK,OK,PARTIAL,OK,OK,OK,"Leaves read: 168036065_81_11 n5 (ink 5, stamp 6) and n6 (ink 6, stamp 7). Head verbatim: '1831 = Marzo 10 = Monty / Victoria á Comtes de Sta Bárbª y Sn Diego = Robos de caballada por los neomejicanos.' Body matches the abstract closely, incl. the continuation on n6: 'se me ha dado parte de haberse internado por Sn Gabriel y pueblo de los Angeles; en razon de que están sucediendo repetidos robos de dhas caballadas como ha acontecido en estos dias en la mision de la Soledad.' savage_page OK (stamp 6 = recorded 6). orig_page PARTIAL: the catalogue records '12–14', but the leaf cites this document only as 'p. 14' (at its close on n6); p.12 is the cite of the preceding circular (d17, 'p. 12') and pp.12-13 of the 4-doc Argüello entry immediately above it (d18, 'p 12-13'), so the span cannot begin at 12 — the true span is 13-14 or 14. End page correct, start page over-extended (the constructed-span pattern). Omissions OK: three blocks on n5 = d17, d18, d19."
ca49-d199,49,199,n57,https://archive.org/details/168036065_81_11/page/n57,OK,OK,OK,OK,OK,OK,OK,OK,OK,"Leaf read: 168036065_81_11 n57 (ink 57, stamp 58 = recorded savage_page 58). Verbatim: '+1831 = Monty / Victoria á Portilla / Testigos en la causa de Ramirez  p. 125-6. / Novbre 6.  p. 126. / Niega á Ramirez permiso para trasladarse á otro estado de la República.' Every field matches, including both internal page cites. Omissions OK: four blocks on the leaf (p.124 x2 to the Cte de Sn Diego, p.125 Rocha, this Portilla item, p.127 Luis Cuevas Comdo de B[aja] Cal.) = catalogue d197-d200."
ca49-d214,49,214,n61,https://archive.org/details/168036065_81_11/page/n61,OK,OK,OK,OK,OK,OK,OK,OK,OK,"Leaf read: 168036065_81_11 n61 (ink 61, stamp 62 = recorded savage_page 62). Verbatim: '+1831 = Novbre 12 = Monty / Victoria á Serapio Valdivieso: Su libertad. / Que habiendo cumplido Serapio Valdivieso los dos años de condena á que fué sentenciado, queda libre. p. 135.' Author, recipient, place (Monty), date, orig_page 135 and the abstract ('His liberty — 2-yr sentence served') all match. Omissions OK: three blocks on the leaf (Pasaporte de Padrés p.135, this item p.135, Comte de Sta Bárbara / Diego Banuso p.136) = catalogue d213-d215."
ca49-d619,49,619,n236,https://archive.org/details/168036065_81_11/page/n236,OK,OK,OK,OK,OK,OK,OK,OK,OK,"Leaf read: 168036065_81_11 n236 (printed stamp 236, handwritten '31.' top right). Third entry: '1840. Dic. 28. Mont. / Fernandez á Sub-Pref.º - S.ª Bárbara — Orden para que procure la conservacion de la paz pública / p. 126'. Every field matches: author Fernandez, recipient Sub-Prefecto de S.ª Bárbara, place Mont. = Monterey, date 28 Dec 1840, orig_page XI·126 = footed 'p. 126', savage_page XI·31 = the handwritten per-tomo leaf number '31.' top right. Omissions: the leaf carries four entries and the catalogue covers all four (d617 p.122 Castañares secretaryship, d618 pp.123-6 ganado, d619, d620 p.126 Alvarado/3 Indians)."
ca49-d822,49,822,n300,https://archive.org/details/168036065_81_11/page/n300,OK,OK,OK,PARTIAL,OK,OK,OK,OK,OK,"Leaf read: 168036065_81_11 n300 (stamp 300, handwritten '17.'). Third entry: '1841. Mont. / Jimeno á Pref.º de 2º Dist.º — Agto. 23 Concesion de terrenos pp. 57-9 (5 doc.) / Set. 7 Ydem. idem. pp. 60-2 (5 doc.) / , 10 id. id. p. 62 (2 doc.)'. DATE = PARTIAL: the catalogue records '1841-08', but the leaf header gives no month at all ('1841. Mont.') and the bundle's own dates run 'Agto. 23' to 'Set. 10' — the recorded value is the start-month only, a short range for a 23 Aug – 10 Sep bundle. orig_page XII·57–62 matches the three footed ranges (57-9, 60-2, 62); savage_page XII·17 = handwritten '17.'; summary's 5+5+2 = 12 docs matches exactly. Omissions: three entries on the leaf, three records (d820, d821, d822)."
ca49-d946,49,946,n337,https://archive.org/details/168036065_81_11/page/n337,OK,OK,OK,OK,OK,OK,OK,WRONG,OK,"Leaf read: 168036065_81_11 n337 (stamp 337, handwritten '54.'). Entry: '1842. Jun.º 1º Mont. / Alvarado á Malarin Presid. del Tribunal: Elecciones. / Participa que la Junta Depart.l ha nombrado en Sesion del 31 de Mayo — á Manuel Castañares para Fiscal del Tribunal y á Eugenio Montenegro, Joaquin Gomez, Tiburcio Tapia y Juan Anza para Ministros 1.º 2.º 3.º y 4.º Suplentes, y para Fiscal Suplente á J.é M.ª Castañares. / p. 177'. SUMMARY = WRONG on three counts, verified at 5x magnification: (1) the fourth appointee is 'Juan Anza', not 'Juan Ayala' — the letterforms are A-n-z-a with no l-ascender; (2) the four men are named 'Ministros 1.º 2.º 3.º y 4.º SUPLENTES' (substitute ministers), and the catalogue's 'Ministers 1–4' drops the qualifier, changing who they are; (3) the catalogue omits the fifth appointment entirely, 'para Fiscal Suplente á J.é M.ª Castañares'. Author, recipient, place, date, orig_page (footed 'p. 177') and savage_page ('54.') all match. Omissions: two entries, two records (d946, d947)."
ca50-d245,50,245,n262,https://archive.org/details/bancarchca_81_12/page/n262,OK,NA,OK,OK,OK,OK,OK,OK,OK,"Leaf read: bancarchca_81_12 n262 (printed stamp '263' top right, small handwritten '5' above it). Second entry: '1799 = Jun 12 = S. Borja / Fr Juan M.ª Salgado / Pide q.e se le mande comparecer delante de sus calumniadores p.ª defender publicam.e su inocencia. / p 85'. Author, place (S. Borja), date (12 Jun 1799) and summary match verbatim. recipient = NA: the entry names no addressee — it is a petition with only the writer's name. orig_page 'p.iii.85' matches the footed 'p 85' (the tomo component 'iii' is a volume-level attribute, not printed on this leaf). savage_page '263' = the printed stamp. Omissions: two entries on the leaf and two records (d244 the 1799 mission informes pp 45-115, d245)."
ca50-d319,50,319,n298,https://archive.org/details/bancarchca_81_12/page/n298,OK,NA,OK,OK,OK,OK,OK,OK,OK,"Leaf read: bancarchca_81_12 n298 (printed stamp '299', handwritten '41'). Third entry: '1805 = Mayo 18 = Loreto. / Arrillaga. / Seg.n revistas hechas p.r J.é de la Guerra á pobladores de Branciforte en 1804, hubo en todos los meses 5. / pp 570 - 83'. Author Arrillaga, place Loreto, date 18 May 1805, orig_page p.iii.570–83 = footed 'pp 570 - 83', savage_page 299 = the printed stamp, and the summary reproduces the abstract's substance exactly. recipient = NA: no addressee on the leaf. Omissions: the leaf holds the tail of d317 (footed 'pp 532 - 6'), d318 ('1804 = Dbre 31 Varias firmas'), and d319 — all three catalogued."
ca50-d409,50,409,n361,https://archive.org/details/bancarchca_81_12/page/n361,OK,NA,OK,OK,OK,OK,OK,OK,OK,"Leaf read: bancarchca_81_12 n361 (printed stamp '362', handwritten '50'). Third entry: '1821 Dic. 31 San Diego / Franc.º Ruiz : Padron de la Jurisdiccion de S.n Diego en 1821 — Poblacion total en 1821 7567 almas / "" "" de indios 6929 / Ministros 8 / Aumento de indios 59 / "" españoles, &c. 115 / pp. 651.-660.' Every figure in the catalogue summary (7,567 / 6,929 / 8 ministers / +59 / +115) matches the leaf. orig_page p.iv.651–60 = footed 'pp. 651.-660.'; savage_page 362 = the printed stamp. Author graded OK: the leaf writes only 'Franc.º Ruiz'; the catalogue's 'Francisco Mª Ruiz' is a legitimate expansion plus authority identification, not a contradiction. recipient = NA (a padrón, no addressee). Omissions: the leaf holds the tail of d407 (footed 'pp. 622.-9'), d408 (Sta Bárbara padrón), d409 — all catalogued."
ca51-d137,51,137,n107,https://archive.org/details/bancarchca_81_13/page/n107,OK,OK,OK,OK,OK,OK,OK,PARTIAL,OK,"Leaf read: bancarchca_81_13 n107 (printed stamp '108', handwritten '65.'). Third entry: '1837. Junio 25. S.ta Bárbara. / José Castro Com.te militar al admor. de S. L. Obispo. / Dá órn. q.e pague en Cueros ó sebos al S.or Etitl la suma de $223$ / p. 671'. Author, recipient, place (S.ta Bárbara), date, orig_page ('p. 671' footed) and savage_page ('108/65' = stamp/hand) all match. SUMMARY = PARTIAL: the catalogue presents its text as a verbatim quote but renders the payee 'Sor. Estil'; at 5x the leaf reads 'Etitl' (E-t-i-t-l — the second character is a crossed t-ascender, not an s; compare the rounded s of 'suma' on the same line). Substance (pay $223 in hides or tallow) is right; the quoted surname's letters are transposed. Omissions: four entries on the leaf, four records (d135 p.668, d136 p.669, d137, d138 pp.672-74); the faint mid-page text is verso show-through, not a document on this leaf."
ca51-d465,51,465,n93,https://archive.org/details/bancarchca_81_13/page/n93,OK,NA,OK,OK,OK,OK,OK,OK,OK,"Leaf read: bancarchca_81_13 n93 (printed stamp '94', handwritten '51.'). Foot of leaf: '1839 = Octubre 3 = San José. / José de Jesus Vallejo. = Estado de ingreso y Egreso / Importa el Ingreso $757.00 / Id. el Egreso 1,633.00 / Diferencia en contra $876.00 / p = 485.' Every quoted figure in the catalogue matches the leaf exactly, as does the title. Author, place, date confirmed; orig_page 'p.485' = footed 'p = 485'; savage_page '94/51' = printed stamp 94 / handwritten 51. recipient = NA (an accounting statement, no addressee). Omissions: the leaf carries only the 'Notas' tail of d113 (footed 'pp = 457 = 81') and this entry — both are catalogued, and the span defect the summary describes is real (d113 is declared n91–93)."
ca52-d1,52,1,n1,https://archive.org/details/bancarchca_81_14/page/n1,OK,OK,PARTIAL,OK,OK,WRONG,WRONG,PARTIAL,OK,"Leaf read: bancarchca_81_14 n1 (printed stamp '2' top right, handwritten '1.' below it; footed 'p. 280.'). Header: '1795 - Jul.º 28 - Mex.º / Virey Branciforte al Gob.r de Calif. : Formacion de informes sobre Misiones'. ORIG_PAGE = WRONG: the catalogue records 'p.2', which is the printed top-right stamp, i.e. the copy volume's own pagination; the leaf's original-tomo citation, inked at the foot and confirmed at 4x, is 'p. 280.' (the project's own standard — reference_ca_citation_format — is that the footed number is the original page and the top-right stamp is the Savage page). The record does carry '280' but only inside the summary string. SAVAGE_PAGE = WRONG: recorded as '—' (asserting none), yet the leaf plainly bears the stamp '2' and a handwritten '1.' at top right. PLACE = PARTIAL: the field is blank although the leaf heads the entry 'Mex.º'; the datum is present in the record but parked in the author field as '(México)'. SUMMARY = PARTIAL: the substance is right (orders a circumstantial report on the missions; forwards a copy of the essential part of the predecessor's report of '30 de Dic.e de 93'), but 'the printed 1792 model' is not supported — the leaf says 'En 22 de Oct.e del año p.p. dirigí á U.S. modelos impresos p.ª las noticias de Mis.nes', i.e. 22 October of the previous year (1794), and the biennial requirement is 'de dos en dos años … en varias R.s Ordenes'. Author (Virey Branciforte, title 'Marqués de' a legitimate identification), recipient ('al Gob.r de Calif.'), date and scan pin all correct. Omissions: n1 carries this document only."
ca53-d124,53,124,n227–228,https://archive.org/details/bancarchca_81_15/page/n227,OK,OK,PARTIAL,OK,PARTIAL,PARTIAL,PARTIAL,OK,OK,"Leaves read: bancarchca_81_15 n227 (top right handwritten '315' over a struck '387', printed stamp '229') and n228 (handwritten '316' over struck '388', stamp '230'). n227 entry 2: '1833. Mayo 6. S. Franc.co / Mariano G. Vallejo á José Figueroa (Carta particular) / Que remite su informe que no había podido concluir: Que esta instruyendo en el manejo de las armas á los reclutas, que quiciera completar el num.º de plazas que faltan á su Comp.ª que le permita bajar al Pueblo de S. José en solicitud de alg.s jovenes p.ª q.e tomen plaza de Soldados, que hará una corrida de Caballada mostrencas que no ha verificado por falta de gente… / pp. 498. 504'. SCAN_PIN = PARTIAL: the document begins AND ends on n227 (its footed citation closes it there); n228 opens a new entry, '1833. Octubre 3 S. Fran.co / Mar.no G. Vallejo al Gral. Figueroa' = Doc 125. The declared span 'n227–228' is one leaf too long. SAVAGE_PAGE = PARTIAL for the same reason: n227 is stamped 229, but 230 is n228, which carries Doc 125. ORIG_PAGE = PARTIAL: the true source-page range IS present but mislabelled — the foot reads 'pp. 498. 504', and these footed ranges run consecutively document-by-document across the volume (Doc 123 = 496-7, this = 498-504, Doc 125 = 505-9), so by the project's own rule they are the ORIGINAL tomo pages, yet the record files them as '(Sav. pp. 498–504)'; the value given as the original page, '315–316', is the copy volume's leaf-tracking pagination and in any case runs one leaf long (the letter sits wholly on the leaf numbered 315). PLACE = PARTIAL: field blank although the leaf heads the entry 'S. Franc.co'; the datum survives only inside the author field as '(San Francisco)'. Author, recipient (incl. 'Carta particular'), date (Mayo 6, 1833) and the summary all match — the '(Ross)' gloss on 'su informe' is a flagged contextual inference, not stated on the leaf. Omissions: n227 holds the tail of Doc 123 (footed 'pp. 496-7') and this letter; n228 holds Doc 125 — all catalogued."
ca54-d102,54,102,n141–n143,https://archive.org/details/bancarchca_81_16/page/n141,WRONG,WRONG,PARTIAL,WRONG,PARTIAL,WRONG,OK,PARTIAL,OK,"Leaves read: bancarchca_81_16 n141 (stamp 142), n142 (stamp 143), n143 (stamp 144). AUTHOR: field holds 'return of the unfit stonemason Manuel Dorotea.' — a sentence fragment lifted from ca54-d101, not an author. n141 heading reads verbatim '+ 1792 = Monterey / Argüello á Arrillaga'; the second act's author on n142 is 'Pablo Soler, Cirujano'. RECIPIENT: empty, yet the leaf heading names him — 'Argüello á Arrillaga'. PLACE: field empty but 'Monterey' is carried in date_text, matching the leaf's '1792 = Monterey'. DATE: summary dates the Dorotea act '(1793 Dec 30)'. The leaf reads '+ 1792 = Monterey' and '+ Diciembre 20.  pp = 18 ≠ 19' — at scale=1 the day digit is a plain '2' (single top loop onto a baseline stroke), visibly unlike the double-bowl '3' of '+ Noviembre 30 (2 docs)' eight lines above it; and the heading year is the identical glyph-string to '1792 = Noviembre 18 = Monterey' and '1792 = Diciembre 14 = México' on n142. No 1793 appears anywhere on n141–n143. (The second half, '1792 Nov 18 Pablo Soler', is correct: n142 'Certifica la imposibilidad de Manuel Doroteo Ruiz para continuar como oficial Cantero'.) SCAN_PIN: both described acts sit on n141 and n142; n143 carries nothing of this record (its Nov 30 / Dic 20 / Dic 28 / Dic 20 entries belong to ca54-d105), so the cited span overshoots by one leaf — consistent with the record's own savage_page 142–143. ORIG_PAGE: recorded '—', but the leaf foots both acts: 'pp = 18 ≠ 19' (Dorotea) and 'p = 20' (Soler certificate). SAVAGE_PAGE: stamps 142 and 143 confirmed. SUMMARY: substance faithful — 'De haber remitido á San Blas al aprendiz Cantero Manuel Doroteo, por incapaz para desempeñar su empleo' — but carries the wrong date; leaf spells 'Doroteo', record 'Dorotea'. OMISSIONS: none; the rest of n141–n143 is carried by ca54-d101, d103, d104, d105."
ca54-d124,54,124,n174–n175,https://archive.org/details/bancarchca_81_16/page/n174,WRONG,WRONG,PARTIAL,WRONG,OK,WRONG,OK,WRONG,OK,"Leaves read: bancarchca_81_16 n174 (stamp 175, ink 43), n175 (stamp 176, ink 44). AUTHOR: field holds 'Doc II-26', a structural tomo-document label, not an author; the leaf names them outright — 'Nicolas Soler á Diego Gonzales' and 'Pedro Fages á Diego Gonzales' (both n174). (The summary does name them.) RECIPIENT: empty; leaf 'á Diego Gonzales' twice, and the third item is headed 'Fages á Borica' (n175). PLACE: field empty, 'Monterey' carried in date_text; leaf '1785 = Abril 13 = Monterey' and '1785 = Julio 1º = Monterey'. DATE: record says 'Apr 15'; at scale=1 the leaf reads 'Abril 13' — the day digit is the same rising-stroke-plus-loop form as the '3' of 'pp = 203 = 6' footed nine lines below, and is not the flat-topped '5' of '1785' on the very same line. Jul 1 and Monterey are right. ORIG_PAGE: recorded '—'; the leaf foots 'pp = 203 = 6' (Soler item) and 'p.ª = 207-8' (Fages discipline order). SAVAGE_PAGE: stamps 175/176 confirmed. SUMMARY: three defects. (1) Mistranslation — leaf 'Ordena que toda partida saliente del Presidio ó Puerto, debe marchar bastimentada por los dias de su ida, detencion y regreso' = provisioned/victualled, not the record's 'to march well-escorted'. (2) Misquote inside quotation marks — leaf reads 'con una libertad viciosa muy perjudicial por los desórdenes escandalosos en que incurren con las indias cristianas y gentiles'; the record prints 'una libertad vecina...' and drops the leaf's 'en las Misiones', which locates the abuse. (3) Item (3) (Reglamento art. 2 tít. 3, sailors as settlers) is a separate document headed '1785 = Julio 1º = Monterey / Fages á Borica', not part of the Fages→Diego González letter the record's header assigns it to. OMISSIONS: none uncovered — all three acts fall inside this record, and ca54-d125 resumes at n176."
ca55-d114,55,114,n61,https://archive.org/details/bancarchca_81_17/page/n61,OK,OK,PARTIAL,OK,OK,OK,OK,OK,OK,"Leaf read: bancarchca_81_17 n61 (stamp 62, ink 61). Leaf verbatim: '+ 1791 - Feb. 16 - México. / Andres de Mendivil y Amirola á Gob. de Cal. — Noticiándole q.e el Rey lo ha nombrado Administrador grãl. de correos y postas y de la Rta. de Estafetas de Nueva España é Islas Filipinas. — p. 279.' Author, recipient, date, summary, orig page (279) and stamp (62) all match. PLACE graded PARTIAL only because the dedicated place field is empty; the place is recorded, in the author parenthetical '(México)', and matches the leaf's '- México'. OMISSIONS: the other three acts on the leaf (Revillagigedo 16 Jun 1790 p.276; 'Al mismo' Julio 27 p.280; Julio 28 Goycoechea 2,970 reales pp.281-2) are carried by ca55-d113, d115 and d116."
ca55-d224,55,224,n192,https://archive.org/details/bancarchca_81_17/page/n192,OK,OK,PARTIAL,WRONG,OK,OK,OK,PARTIAL,OK,"Leaf read: bancarchca_81_17 n192 (stamp 193, ink 55). DATE: record has 1808-07-01; the leaf heading reads verbatim 'o 1808 - Julio 19 - Mont.' — at scale=1 the '19' is unambiguous. AUTHOR/RECIPIENT correct: 'José Mª Estudillo ... al Habº J. Estrada'. PLACE PARTIAL: field empty, 'Mont.' carried in the author parenthetical, matching the leaf. ORIG_PAGE: leaf foots 'p. 145' — matches 'p.vii.145'. SAVAGE_PAGE: stamp 193. SUMMARY: substance right (a duplicate certification that four barrels are unfit, 'por no estar su licor en estado de hacer uso, y ser nocivo á la salud'), but two readings are wrong — the commodity is mezcal, not muscatel: the subject line reads 'Devolviéndole cuatro barriles de mescal por estar Adulterados' and the body 'los cuatro barriles de Aguardiente mescal que Vd. presentó'; and the co-signing Princesa commander is 'Ten. de Navío D. Ramon de Móyua', not 'Ramón de Aragui[?]' (the record does flag that name with a query). OMISSIONS: the accounts ending 'Total 6723.7 rs. pp. 136-44' at the head of the leaf are covered by ca55-d223."
ca55-d319,55,319,n266–n267,https://archive.org/details/bancarchca_81_17/page/n266,OK,NA,WRONG,OK,OK,NA,OK,OK,OK,"Leaves read: bancarchca_81_17 n266 (stamp 267, hw 40) and n267 (stamp 268, hw 41); context leaves n262–n265 also read. PLACE is WRONG. The record puts the act at 'Mision y escolta de S.n Gabriel [inferred from the surrounding acts of the same sumaria]'. Those surrounding acts say otherwise: the sumaria opens on n263 (stamp 264) 'R.l Pres.º de S.n Diego - Mayo 26 de 1777 — José Fran.co Ortega. — Mision y escolta de S.n Juan Capistrano á 28 de Mayo 1777, el Sargento Fran.co de Aguiar, en consecuencia de las superiores órdenes que anteceden...', runs unbroken through n264–n266, and closes on n267 immediately after Acebedo's declaration with 'Mision y escolta de S.n Juan Capistrano á 19 de Junio de 777'. Only THEN does the San Gabriel set begin, on the same leaf: 'Mision y escolta de S.n Gabriel á 4 de Junio de 1777, en cumplimiento de las órdenes que son constantes en los 3 Art.s 11, 12 y 13'. The catalogue contradicts itself here: ca55-d318 describes these same declarations as 'closing at San Juan Capistrano', and ca55-d321 (the very next act, on n267) is correctly placed at San Juan Capistrano. AUTHOR verified verbatim on n266: 'Comparecio Ant.o Julian Acebedo soldado de esta dicha escolta'; the sergeant is Fran.co de Aguiar per n263/n264. RECIPIENT NA (a declaration taken before the sergeant; none to record). ORIG_PAGE NA — this stretch is verbatim transcription and carries no 'p.' foot. SAVAGE_PAGE: the record's unusual dual citation checks out exactly — n265 carries hw '39' / stamp '266', n266 carries hw '40' / stamp '267'. SUMMARY: the quoted passages are verbatim-accurate against the leaf, including the close 'Esto respondió el citado firmando con dos testigos de asistencia' at the head of n267; one small slip — the fleeing woman was seen after leaving the ranchería ('y luego salimos de allí y á poco andar ... vimos una indias huyendo'), not at it. OMISSIONS: the tail at the head of n266 belongs to the preceding declaration, which the ca55-d318 band record describes explicitly; note that n265 itself is in no record's scan span."
ca56-d106,56,106,n97,https://archive.org/details/bancarchca_81_18/page/n97,OK,OK,PARTIAL,OK,OK,OK,OK,PARTIAL,OK,"Leaf read: bancarchca_81_18 n97 (stamp 98, ink 93). Heading verbatim '+ 1823 S. Fran.co / Yg. Martinez á Luis Ant.º Arguello' — author, recipient and year all match. PLACE PARTIAL: field empty, '(San Francisco)' carried in the author parenthetical and matching the leaf heading. ORIG_PAGE: the four entries foot p. 612, p. 613, p 618, p 619 — the recorded range 612–619 is right. SAVAGE_PAGE: stamp 98. SUMMARY PARTIAL: rank dropped — the leaf reads 'Cabo grad.º de Sarg.to José Herrera en persecución de Indios Simarrones', i.e. a corporal brevetted sergeant, not the record's 'sgt José Herrera'; the other three items check out verbatim ('la Fragata Americana Mentor', 'Soldado venido á presentar de la Nueva Fundacion', 'Remite la relación del Sarg.to Luis Peralta y 7 soldados acreedores á la gracia de Inválidos'), and the '(Sonoma)' identification is an unmarked editorial gloss, not on the leaf. OMISSIONS: the 1841 Suñol→Estrada item lower on the leaf is carried by ca56-d107."
ca56-d355,56,355,n310–311,https://archive.org/details/bancarchca_81_18/page/n310,OK,OK,PARTIAL,WRONG,OK,OK,OK,OK,OK,"Leaves read: bancarchca_81_18 n310 (stamp 311, ink 13) and n311 (stamp 312, ink 14). DATE is WRONG, and so is the editorial note that supports it. The record reads '1835-09-06 ✎ (MS Sbre=Septiembre; was Oct)'. The leaf heading is '1835. Fbr.º 6. Megico.' — Febrero. Three controls on the same two leaves settle it: the first entry on n310 is 'Sbre. 26.' (capital S, uncrossed, terminal superscript 'e'), the second is '1827. Nbre. 28. Megico' (terminal 'e'), and the next entry on n311 is '1835. Obre. 15. Megico' (round O). The 1835 heading in question has a crossed initial with a descender and a round terminal superscript 'o' — 'Fbr.º'; Septiembre is never abbreviated -bro in this hand. AUTHOR/RECIPIENT match: 'Ministro de Guerra al Com.te gral. de la A. Calif.ª'. PLACE PARTIAL: field empty, '(México)' in the author parenthetical, leaf 'Megico'. ORIG_PAGE: the act's foot is on n311, 'pp 456' — matches XVI·456. SAVAGE_PAGE 311–312 confirmed. SUMMARY OK, verbatim basis: 'ha determinado q.e el ten.te D. Ventura Araujo venga á esta Capital y el Ten.te D. Juan Bautista Laighton regrese al departam.to de S. Blas'. OMISSIONS: every other act on n310–n311 is carried by ca56-d353, d354, d356, d357, d358."
ca56-d500,56,500,n91,https://archive.org/details/bancarchca_81_18/page/n91,OK,OK,PARTIAL,OK,OK,OK,OK,OK,OK,"Leaf read: bancarchca_81_18 n91 (stamp 92, ink 87). Heading verbatim '+ 1823 San Francisco / Ignacio Martinez. Al Cap.n D.n Luis Arguello'; the entry verbatim 'Abril 16. Fuga de dos soldados   pp 588 – 9.' Author, recipient, date, orig page, stamp and the summary (including its correct observation that the men are not named) all match the leaf exactly. PLACE PARTIAL only because the dedicated field is empty; '(San Francisco)' sits in the author parenthetical and matches the heading. OMISSIONS: all six entries on the leaf are itemised — ca56-d498 through d503."
ca57-d6,57,6,n5,https://archive.org/details/bancarchca_81_19/page/n5,PARTIAL,OK,OK,OK,OK,OK,OK,OK,OK,"Leaf read: bancarchca_81_19 n5 (stamp 6, ink 2). Leaf verbatim: '+ 1823 – Julio 12 – Mexico / Herrera al Com.te militar de Alta California.  =  Que mande estado de la fuerza de esa Provincia con distinción de Cuerpos, armas, vestuario y puntos que ocupan.   p. 285-286'. AUTHOR PARTIAL: the record carries the bracketed institutional stand-in '[Gob.ⁿ Supremo]' — right in substance (Herrera signed as Ministro de Guerra for the supreme government) but the leaf names the signer, 'Herrera', and the record nowhere does; this is a volume-wide habit in ca57 (d4, d5, d7, d8 all read '[Gob.ⁿ Supremo]'). Recipient, place, date, orig page (285–286) and stamp (6) all match. SUMMARY OK; the only divergence is one word, the leaf's 'de esa Provincia' rendered 'de la Provincia'. OMISSIONS: the tail at the head of the leaf ('del ramo de correos, no se manden extraordinarios sin necesidad absoluta') belongs to ca57-d5, and the '1823 – Agosto 23' Herrera item below is ca57-d7."
ca58-d120,58,120,n108,https://archive.org/details/bancarchca_81_20/page/n108,OK,PARTIAL,OK,OK,OK,OK,OK,OK,WRONG,"Leaves read: bancarchca_81_20 n108 (stamp 109, ink 31) and, for context, n107 (stamp 108, ink 30). The record's own verbatim heading checks out letter for letter against n108: '+ 1838. Mayo 2. Mej.o / Pavon al admor de la aduana marit.a de S.n Fr.co / Le comunica lo mismo que en p. 30 comunicó al admor de la aduana de S. Diego. — p.p. 333-4.' Date, place ('Mej.º'), orig page and the dual stamp/ink citation (109 / 31) are all correct, and the cross-reference is verifiable: the San Diego original is the first act on n107, whose ink page is indeed 30. RECIPIENT PARTIAL only because the field is empty — the addressee is recorded inside the author field. OMISSIONS is WRONG: the top third of n108 carries the tail of an act no item record covers — '...del Sup.mo Decreto de 29 de Marzo, 37. é igualmente el art. 13 del Reglam.to de Nov. 14 del mismo año.   p.p. 331-6.' It belongs to '+ 1838. Mayo 28. Mej. / Pavon, al admor de la aduana de Mont. / Desarreglos en las Aduanas marítimas', which begins on n107 and is in no record's scan span (ca58 has no record citing n107). Only the band record ca58-d118 (scan n101–n116, content described as p.383–389) nominally spans the leaf — exactly the concealment pattern this record's own provenance note describes."
ca59-d74,59,74,n342–n356,https://archive.org/details/bancarchca_82_01/page/n342,PARTIAL,PARTIAL,PARTIAL,PARTIAL,PARTIAL,WRONG,PARTIAL,PARTIAL,OK,"Leaves read: bancarchca_82_01 n340-n357 (scale=2). AUTHOR: the string is verbatim but only from n355 (Savage p.349), which reads 'Carpeta N.o 16. = Gefatura Politica de la Alta Cal.'; n342-n354 are the San Diego pronunciamiento and its adhesions, whose authors are named on the leaves ('Pto. de S.n Diego, 29 de Nov.re de 1831 = Pio Pico = Juan Bandini = José Ant.o Carrillo' on n346; 'Monterey ... 26 de Dic.e de 1831 = Antonino Buelna ... José Castro, Srio' and 'Sta Barbara 1.o de Enero de 1832 = Rafael Gonzales ...' on n354). RECIPIENT blank though the leaves give addressees ('S.r Alcalde del Pueblo de los Angeles', n355; 'S.r Com.te Gral y Gefe Polit. de la Alta Cal', n340). PLACE blank though every document is headed with one (S.n Diego, Monterey, Sta Barbara, Pueblo de los Angeles, S.n Gabriel). DATE '1831' is short: n354 carries 'Pueblo de los Angeles, En.o 7 de 1832' and n356 a certification dated 24 Feb 1832. SCAN_PIN: neither element of the summary is on n342 — n342 is mid-sentence inside the pronunciamiento, which begins on n340; both summarised documents are on n355-n356. ORIG_PAGE: the only original-tomo citation anywhere in the span is footed on n356: 'pp. 623-66.' The recorded 'p.339–349' tracks Savage's own leaf numbering (ink 338 at n342 … 350 at n356); cf. n357, where Savage's abstracts cite originals 'pp. 570-1', 'p. 572', 'p. 573'. SAVAGE_PAGE recorded '—' although every leaf is numbered (n342 = stamp 340 / ink 338; n356 = stamp 352 / ink 350). SUMMARY: clause 1 is exact — n355 reads 'He dispuesto q.e la sumaria practicada sobre la asonada en ese pueblo, del 18 de Abril ult.o se eleve á proceso y pr consiguiente q.e el final de ella reduzca á prision á los regidores Juan B. Alvarado y José Perez y otros vecinos ... Mont. 21 de Julio de 1831 = Manuel Victoria.' Clause 2 misattributes: the signatures listed are those of the AYUNTAMIENTO OF LOS ANGELES adhering on 7 Jan 1832 ('Pueblo de los Angeles, En.o 7 de 1832 = En vista del plan, este Ayunt.o se ha complacido …', n354), not of the San Diego vecindario; and the leaf's list has seven names — 'Manuel Dominguez = Nepomuceno Alvarado = José Manuel Cota = Felipe Lugo = Ignacio M.a Alvarado = Juan Ballesteros = Vicente de la Osa, Secretario' — the catalogue drops Nepomuceno Alvarado. NOTE ALSO (not a graded dimension): n350 and n351 are DUPLICATE EXPOSURES of n348 and n349 (same ink 344 and 345, same text), which is why the ink-to-leaf offset changes from n-4 to n-6 inside this span."
ca60-d96,60,96,n231,https://archive.org/details/bancarchca_82_02/page/n231,OK,PARTIAL,OK,OK,OK,OK,OK,PARTIAL,OK,"Leaf read: bancarchca_82_02 n231. Heading verbatim on the leaf: '+ 1834. = Mayo 30. = Mont. / Srio. de la Diputacion á Gefe Politico.' — author, place and date confirmed. Page numbers confirmed: printed corner stamp 232, ink 230, and the entry foots 'pp 391 - 93.' RECIPIENT: field is blank although the leaf names the addressee ('á Gefe Politico'); it has been folded into the author string instead ('(Figueroa)' is an identification the leaf does not make). SUMMARY: two defects. (1) The label 'SESSION ACTA' does not fit — this is an oficio from the Secretary reporting an acuerdo, not an acta of a session. (2) The verbatim quote is mis-transcribed: the leaf reads 'Que en acuerdo de 15 del mismo aprovo la Corp.on dictamen q.e se acompaña' — the superscript is 'se', not 'te'. The translation given ('the accompanying dictamen') is nevertheless correct, and 'Three original pages' matches pp. 391-93. OMISSIONS: the leaf's other two entries ('+ 1834. = Agosto 9. = Mont. / J. B. Alvarado (no dice á quien) … p. 395' and '+ 1833. = Junio 19. = Mont. / J. Figueroa á Diputacion … pp 398-99') are covered by ca60 docs 97 and 98."
ca61-d70,61,70,n61–n72,https://archive.org/details/bancarchca_82_03/page/n61,OK,NA,NA,PARTIAL,PARTIAL,WRONG,PARTIAL,PARTIAL,OK,"Leaves read: bancarchca_82_03 n60-n66, n71, n72. AUTHOR confirmed on n71: 'Sala de Comisiones de la Junta Dep.l de las Calif.s'. RECIPIENT/PLACE: the reglamento heading states neither, so blank is defensible (other documents inside the declared span are headed 'Monterey' on n62/n63 and 'Sta Barb.a' on n71). DATE: every dated item inside n61-n72 is 1840 — '1840 Monterey ... Feb. 18' (n62), 'Mzo 21 ... Mayo 22' (n63-n66), '1840 St.a Barb.a ... En.o 14' and '1840 Dic. 20' and '1840 Feb. 20' (n71). I found no 1839 heading in the span; the '1839' appears to come from the tail of the preceding governor's memoria spilling onto n60-n61. SCAN_PIN: the described document begins only at the foot of n71 ('1840 Feb. 20 / Sala de Comisiones … Adiciones al Reglam.to / p. 414-20') and continues through n72; n61-n70 are the memoria tail and the 1840 session digests. ORIG_PAGE: the leaves cite their originals in the right margin — 'p. 351-2, 353, 354, 355, 356' (n62), 'p. 369-71 … 378' (n64), 'p. 387-391' (n66), 'p. 412 1/3 … 413' and 'p. 414-20' (n71). The recorded 'p.55–68' is Savage's own leaf numbering (n61 = stamp 57 / ink 56; n72 = stamp 68 / ink 67). SAVAGE_PAGE recorded '—' although every leaf is numbered. SUMMARY: the leaf calls the piece 'Adiciones al Reglam.to' (20 Feb 1840), not 'the Reglamento Interior'; the specifics cited are however genuinely on n72 — 'Tit.o 2.o de la Presid.a … 8.a El Gob.dor podrá convocar á sesiones estraordinarias' and 'Tit.o 3.o del Secretario … el Sec.o el sueldo de 800$ anuales … A.10 Son obligaciones del S.rio'. OMISSIONS: the other documents inside the span are covered by ca61 docs 71-76."
ca61-d214,61,214,n241,https://archive.org/details/bancarchca_82_03/page/n241,OK,NA,OK,OK,OK,OK,OK,OK,OK,"Leaves read: bancarchca_82_03 n241-n246. Heading on n241: 'Oct. 8 -  (Sesion 8.)' under the running head '1845. - Oct. 3. - Ang.s' — date, place and the session acta confirmed; n241 corner stamp 237 / ink 239, matching savage_page '239.' ORIG_PAGE confirmed verbatim at the top of n246: 'pp. 313-21.' (the preceding session closes 'pp. 308-312' on n241). RECIPIENT correctly empty — a session acta has no addressee. The summary verified point by point: articles 5-8 on the cattle-theft dictamen are transcribed on n242-n243 ('Art.o 5.o Todo propietario de bienes de campo no podrá enagenarlos á menos que no lleven la respectiva venta …', '6.o Los dueños de ranchos … que hagan Comercio de cueros …', '7.a Quedan autorizados los Señores Pref.s Sub-Pref.s y Alcaldes …', '8.o Los cueros que semanariam.te se revisen …'); the seven Comision de Baldíos dictámenes are on n244 in the exact order and with the exact grantees given (Agua Caliente/Lazaro Piña, Las Flores/Guillermo Chard, Rio de los Molinos/Alberto G. Toomes, La Barranca/Josias Belden, Los Saucos/Roberto H. Thomes, Colus/Juan Bidwell, Llano Seco/Sebastian Keyser); the La Jabonera petition and the suspension decree are both on n245 ('Quedan suspendidas las Sesiones de la H. Asamblea por el resto de este año'); the bando is on n246 ('1845. - Oct. 8. - Ang.s (Bando.) … pp. 322-23.'), and the unit does run n241 to the top of n246, six leaves. The only nit: the catalogue renders the heading '(Sesion &.)' where the glyph, in sequence after '(Sesion 7.)' on the same leaf, is 8; the script form is genuinely ambiguous, so I do not count it as an error. OMISSIONS: the leaf's other entry (Oct. 3, pp. 308-312) is ca61 doc 213."
ca62-d34,62,34,n50–n51,https://archive.org/details/bancarchca_82_04/page/n50,OK,NA,OK,OK,OK,OK,OK,OK,OK,"Leaves read: bancarchca_82_04 n50-n51. Heading on n50: '+ 1784 = Diciembre 31 = Loreto / José Estrada / Existencia de municiones en fin de año' — author, place, date confirmed. Leaf corners: n50 = stamp 51 / ink 4, n51 = stamp 52 / ink 5, matching savage_page 'II·4–5'. ORIG_PAGE confirmed verbatim at the close of the entry on n51: 'p. 155-158.' RECIPIENT correctly '[inventory]' — the leaf gives no addressee. SUMMARY matches the leaf's four lines ('Polvora — 13@ 10 lb / Plomo — 16@ 20 1/2 lb / Piedras de chispas 210. / Cartuchos en fin de 1783 — 4163 … id - Distribuidos 4585 } diferencia 372') and the explanation of the difference, which the leaf gives on n51: 'En la diferencia de 372 Cartuchos … consiste en repuesto de igual cantidad que se recojió á la tropa como inutilizados.' The abstract rounds '13@ 10 lb' and '16@ 20 1/2 lb' to '13@' and '16@', ordinary abstracting rather than error. OMISSIONS: the leaf's other entries (1788 and 1789 Goycoechea, pp. 153 and 154, on n50; Manuel Cárcaba's 1794 memoria pp. 166-177 on n51) are ca62 docs 32, 33 and 35."
ca62-d186,62,186,n203,https://archive.org/details/bancarchca_82_04/page/n203,OK,OK,OK,OK,OK,OK,OK,OK,OK,"Leaf read: bancarchca_82_04 n203. The entry is on the leaf verbatim: '1847. Dic.re 18. S. Ant.o / Manuel Pineda al Alcalde de Todos Santos / Pide auxilio de viveres p.a la Tropa    p 203'. Every field checks: author, recipient, place ('S. Ant.o'), date, orig_page 'p 203', and the leaf corners are printed stamp 181 with ink 20, exactly as recorded. The quoted abstract is Savage's own wording. OMISSIONS: the leaf's other three entries (Dic. 28, p. 202; Diciembre 10, p. 204; 1848 Enero 17, p. 212-13) are ca62 docs 185, 187 and 188."
ca63-d127,63,127,n49,https://archive.org/details/bancarchca_82_05/page/n49,OK,OK,OK,WRONG,WRONG,NA,OK,PARTIAL,OK,"Leaves read: bancarchca_82_05 n49 and n50. SCAN_PIN WRONG: n49 (stamp 48 / ink 48) does not carry Burnett at all — it holds the Sacramento-district election resolutions and then '1849 ......... Benicia. Dist. of Sonoma. / Cha.s P. Wilkins, Prefect of Dist. of Sonoma to Gov. Riley'. The Burnett letter is on the NEXT leaf, n50 (stamp 49 / ink 49); the recorded savage_page '49' is therefore right while the scan pin is one leaf short. DATE WRONG: the heading on n50 reads '+ 1849 Aug.t 9  S.n Fran.co' — August 9, not September 5 (I enlarged the heading to check; the month is unambiguously 'Aug.t' and the day glyph matches the 9 of '1849' in the same line). ORIG_PAGE correctly '—': these unbound papers carry no original-tomo citation. SUMMARY: two clauses are exact ('Accepts the unsought by him office of Judge of the Sup.r Court, to which people of S.n Fran.co & San José have elected him' … 'meet the other Judges at Monterey'), but the middle clause is a misreading: the leaf reads 'Will, as soon as his family are sufficiently recov.d to leave them, meet the other Judges at Monterey' — i.e. as soon as his family have RECOVERED, not 'his family are insufficiently near P.O. to leave them'. OMISSIONS: the other entry on n50 ('1849 Oct. 25 Stockton / Tho.s B. Van Buren, Prosecut.g Attorney - Dist. of S.n Joaq.n to H. W. Halleck, Sec. of State') is covered by ca63 doc 128 (also pinned one leaf short)."
ca63-d129,63,129,n50,https://archive.org/details/bancarchca_82_05/page/n50,OK,OK,OK,OK,WRONG,NA,OK,OK,OK,"Leaves read: bancarchca_82_05 n50 and n51. SCAN_PIN WRONG: n50 (stamp 49) carries the Burnett ACCEPTANCE and the Van Buren/Stockton letter; the resignation is on n51 (stamp 50 / ink 50), which matches the recorded savage_page '50'. On n51 the entry reads verbatim: '+ 1849 Oct. 18  San José / Peter H. Burnett - to Gov.r Riley / Resigns his position of Judge & Presid.t of the Sup.r Trib.l of Cal.' — author, recipient, place, date and summary all confirmed; the parenthetical about his November 1849 election as governor is flagged context, not a claim about the leaf. ORIG_PAGE correctly '—' (unbound papers, no original-tomo citation). OMISSIONS: the leaf's other entry ('+ 1849 Nov. 7. Kelemus Riv.r (Willow Bar) / P. M. Foley, Alcalde - On Gulches & their distrib.n for mining') is ca63 doc 130."
ca63-d419,63,419,n291–292,https://archive.org/details/bancarchca_82_05/page/n291,OK,OK,OK,OK,WRONG,NA,WRONG,WRONG,OK,"Leaves read: bancarchca_82_05 n290, n291, n292, n293, n294. SCAN_PIN WRONG: n291 (stamp 289 / ink 288) and n292 (stamp 290 / ink 289) carry the Atillan/Artésien pension case ('1847 = Mayo 28 = Monterrey / Moerenhout al gov.r Kearny') and then Tebenkoff's Ross-debt letter — not this document. The Panaud document is on n293-n294: '+ 1847 = Junio 27 = Monterrey / Moerenhout al Gov.r Mason (Doc.o en frances)'. SAVAGE_PAGE WRONG: that leaf is stamped 291 (ink 290); a leaf numbered 289 in either system carries the Atillan matter. ORIG_PAGE correctly '—'. SUMMARY WRONG — four mistranslations of Savage's Spanish on n293-n294: (1) 'the founding alcalde of San Juan' — the leaf reads 'el alcalde fundadose sobre una falsa acusacion', i.e. the alcalde BASING HIMSELF on a false accusation; there is no 'founding alcalde'. (2) 'jailed' — the abstract says the alcalde 'mandó cerrar el almacen que Panaud tiene en S.n Juan y le despachó á Monterrey como un criminal', i.e. ordered his warehouse closed and dispatched him to Monterey; the closure is dropped. (3) 'imprisoned & maltreated' — the leaf reads 'despues de haberle injuriado y maltratado' (insulted and maltreated). (4) '(there being no enemy)' — the leaf's parenthesis is '(no dice que enemigo)', i.e. he does not say WHICH enemy. Also 'on the false charge of possessing' inverts n294, which reads 'bajo la falsa acusacion de haberse robado un baril de brandy y dos jarros de fierro' (of having STOLEN them). Author, recipient, place and date are all exact per the heading. OMISSIONS: everything else on n293-n294 (the Tebenkoff tail, the undated Vallejo-to-Mason letter) is covered by ca63 docs 418 and 420."
ca63-d502,63,502,n364–n368,https://archive.org/details/bancarchca_82_05/page/n364,OK,OK,OK,OK,PARTIAL,NA,WRONG,WRONG,PARTIAL,"Leaves read: bancarchca_82_05 n363, n364, n365, n366, n367, n368. SCAN_PIN PARTIAL: both documents lie inside the declared span but not on its first leaf — n364 (stamp 362) carries the San Luis Obispo cárceles note and the Monterey alcalde-election notes. Item (a) is on n365 (stamp 363): '+ 1849 Feb.o 4  S. Juan Baut.a / La Comision de Elecciones al Gobernador / Queja contra el Juez de S.n Juan Baut.a'. Item (b) begins on n366 (stamp 364) and ends at the top of n368: '+ 1849 Nov. 30  S. José. / Antonio Maria Pico, Prefecto al Gobernador. / Despojos de terrenos cometidos por el Alcalde Wait'. SAVAGE_PAGE WRONG: the recorded '361' is the stamp of n363, which carries the Santa Bárbara election papers of Raymundo Carrillo; these documents sit on stamps 363-366. ORIG_PAGE correctly '—'. SUMMARY WRONG — five defects against the leaves: (1) the heading reads 'cometidos por el Alcalde Wait', so the catalogue's 'el Medir[?] Wait/Vail' misreads 'Alcalde'; the leaf never writes 'Vail'. (2) The leaf says Wait 'formó una liga con el Juez que le sucedió y con otros ciudadanos Americanos' — the successor judge, central to the accusation, is dropped. (3) 'at the first junta only 4 or 5 vecinos of the country (Californians) … attended' inverts n367, which reads 'A la primera junta se siguieron otras dos á las que solo concurrieron 4 ó 5 vecinos del pais (Californios) y el resto Americanos' — it was the two LATER juntas. (4) The comisionado is named on n367 as 'Francisco Arce', not 'Francisco Vaca[?]'. (5) The claim that Wait dispossessed 'the mission of its most valuable lands' and the framing of (b) as a SAN JUAN BAUTISTA affair are not on the leaves: no mission is mentioned anywhere in n366-n368, and Pico's heading places the document at 'S. José'. Also in (a), 'the Comisión asks the sentencias … be sent to the Governor' reverses n365, which reads 'manda la Comision al Gobernador las constancias de no haberse verificado las elecciones' (the Comisión SENDS the Governor the CONSTANCIAS); and the catalogue's '(Lehiya[?])' reads on the leaf as '(Lebrija)', with the queja adding that he was insulted 'en union de José Castro y Teófilo E. Echeverría' — a detail omitted. Author, recipient, place and the date range are all correct. OMISSIONS PARTIAL: on the record's own first declared leaf, n364, there is an entry no ca63 record covers — '+1849. Abril 20. Mont. / Ignacio Esquer, Alcalde' (a heading Savage left without an abstract body); the neighbouring items on that leaf (Ávila on the Ildefonso escape, Florencio Serrano's 18 April election note) are folded into ca63 doc 501, and the Price note at the foot of n365 is doc 503."
